protocol_hash,instance,instance_hash,budget,seed,variant,run_status,fitness,makespan,load_imbalance,total_idle_distance,algorithm_time,speedup_vs_paired_legacy,fitness_degradation_pct_vs_paired_legacy,low_count,mid_count,high_count,screened_rejection_count,audited_rejection_count,false_rejection_count,false_rejection_rate,profile_hash,result_path,decision_note
a5a42a79961a8f9c9fe7530dbccd5a5bf75e8c995b556d019ba5ddf6ce92f38a,w30,2fab0e3e566477294710c7f5296eae3f19fffdaf771928347daa371758bb2a62,2000,42,legacy,success,0.7636335952485163,1244.3268486370553,0.1736968235884433,103.23793253375469,373.71439450001344,1.0,0.0,0,0,0,0,0,0,0.0,1375f1e94672613d66505f06415b9b78d1d3827c7c1d88c385b801c4322c937d,unified_experiments/protocol_a5a42a79961a8f9c9fe7530dbccd5a5bf75e8c995b556d019ba5ddf6ce92f38a/abma_optimization_benchmark/w30/legacy/abma/seed_42/attempt_001/result.json,paired_baseline
a5a42a79961a8f9c9fe7530dbccd5a5bf75e8c995b556d019ba5ddf6ce92f38a,w30,2fab0e3e566477294710c7f5296eae3f19fffdaf771928347daa371758bb2a62,2000,42,multifidelity_only,success,0.7635993353788805,1244.3271509165384,0.15239026770541386,103.23279863586166,368.3130534000229,1.0146648093943718,-0.004486443748630942,1825,1277,1187,653,30,1,0.03333333333333333,cc84b1123a2abf9ff9a0d31f003b823b531c827ae6cd75faa1c2f8f0ada85012,unified_experiments/protocol_a5a42a79961a8f9c9fe7530dbccd5a5bf75e8c995b556d019ba5ddf6ce92f38a/abma_optimization_benchmark/w30/multifidelity_only/abma/seed_42/attempt_001/result.json,development_control
a5a42a79961a8f9c9fe7530dbccd5a5bf75e8c995b556d019ba5ddf6ce92f38a,w30,2fab0e3e566477294710c7f5296eae3f19fffdaf771928347daa371758bb2a62,2000,42,incremental_multifidelity,success,0.7722410885326204,1244.351579781653,12.448083755995185,98.37424908539384,335.6325366999954,1.1134629502087189,1.1271758259015815,1975,1275,1074,915,41,0,0.0,170b5304cb2898163dd0c7219e0f16105e5d41ec2d1a2740c5c03e34ac321535,unified_experiments/protocol_a5a42a79961a8f9c9fe7530dbccd5a5bf75e8c995b556d019ba5ddf6ce92f38a/abma_optimization_benchmark/w30/incremental_multifidelity/abma/seed_42/attempt_001/result.json,quality_pass_speed_fail
a5a42a79961a8f9c9fe7530dbccd5a5bf75e8c995b556d019ba5ddf6ce92f38a,w30,2fab0e3e566477294710c7f5296eae3f19fffdaf771928347daa371758bb2a62,2000,43,legacy,success,0.7635318767512952,1244.3268341286553,0.024866559017937107,103.2978219952883,431.19692400004715,1.0,0.0,0,0,0,0,0,0,0.0,1375f1e94672613d66505f06415b9b78d1d3827c7c1d88c385b801c4322c937d,unified_experiments/protocol_a5a42a79961a8f9c9fe7530dbccd5a5bf75e8c995b556d019ba5ddf6ce92f38a/abma_optimization_benchmark/w30/legacy/abma/seed_43/attempt_001/result.json,paired_baseline
a5a42a79961a8f9c9fe7530dbccd5a5bf75e8c995b556d019ba5ddf6ce92f38a,w30,2fab0e3e566477294710c7f5296eae3f19fffdaf771928347daa371758bb2a62,2000,43,multifidelity_only,success,0.7635196552204517,1244.3268228904394,0.040467374999479944,103.27666111435602,404.50859320000745,1.065975927730715,-0.0016006633028141784,1823,1513,1463,373,21,0,0.0,cc84b1123a2abf9ff9a0d31f003b823b531c827ae6cd75faa1c2f8f0ada85012,unified_experiments/protocol_a5a42a79961a8f9c9fe7530dbccd5a5bf75e8c995b556d019ba5ddf6ce92f38a/abma_optimization_benchmark/w30/multifidelity_only/abma/seed_43/attempt_001/result.json,development_control
a5a42a79961a8f9c9fe7530dbccd5a5bf75e8c995b556d019ba5ddf6ce92f38a,w30,2fab0e3e566477294710c7f5296eae3f19fffdaf771928347daa371758bb2a62,2000,43,incremental_multifidelity,success,0.7812443643782556,1244.3268401421544,25.29520703713456,93.42376958410767,314.7153284999076,1.3701173249340907,2.319809842429157,1889,1285,1227,675,28,0,0.0,170b5304cb2898163dd0c7219e0f16105e5d41ec2d1a2740c5c03e34ac321535,unified_experiments/protocol_a5a42a79961a8f9c9fe7530dbccd5a5bf75e8c995b556d019ba5ddf6ce92f38a/abma_optimization_benchmark/w30/incremental_multifidelity/abma/seed_43/attempt_001/result.json,quality_fail_speed_fail
a5a42a79961a8f9c9fe7530dbccd5a5bf75e8c995b556d019ba5ddf6ce92f38a,w30,2fab0e3e566477294710c7f5296eae3f19fffdaf771928347daa371758bb2a62,2000,44,legacy,not_run_gate_impossible,NA,NA,NA,NA,NA,NA,NA,NA,NA,NA,NA,NA,NA,NA,NA,NA,seed_44_not_completed_after_two_paired_speed_failures
a5a42a79961a8f9c9fe7530dbccd5a5bf75e8c995b556d019ba5ddf6ce92f38a,w30,2fab0e3e566477294710c7f5296eae3f19fffdaf771928347daa371758bb2a62,2000,44,multifidelity_only,not_run_gate_impossible,NA,NA,NA,NA,NA,NA,NA,NA,NA,NA,NA,NA,NA,NA,NA,NA,seed_44_not_started_after_two_paired_speed_failures
a5a42a79961a8f9c9fe7530dbccd5a5bf75e8c995b556d019ba5ddf6ce92f38a,w30,2fab0e3e566477294710c7f5296eae3f19fffdaf771928347daa371758bb2a62,2000,44,incremental_multifidelity,not_run_gate_impossible,NA,NA,NA,NA,NA,NA,NA,NA,NA,NA,NA,NA,NA,NA,NA,NA,seed_44_not_started_after_two_paired_speed_failures
