instance,variant,seed,budget,elapsed_time_s,peak_rss_mb,fitness,makespan,primary_evaluation_count,partition_evaluation_count,partition_cache_hits,partition_cache_misses,unique_boundary_pair_count,duplicate_boundary_pair_visit_count,route_evaluation_count,direction_dp_count,route_cache_hit_count,route_local_cache_hit_count,route_cache_miss_count,route_cache_miss_rate_percent,pair_request_count,pair_cache_hit_count,pair_local_cache_hit_count,pair_cache_miss_count,zero_connected_transition_count,selected_zero_connected_transition_count,seconds_per_primary,route_evaluations_per_primary,direction_dp_per_primary,candidate_sequence_hash,candidate_acceptance_hash,result_file
w30,fixed_presplit_reference,72,500,23.199425800004974,101.1484375,0.9967505663566631,1554.282783296886,500,65,435,65,65,435,378855,229731,0,149120,229735,60.63929471697615,13833185,0,13762457,70728,0,0,0.04639885160000995,757.71,459.462,a3a469618ba99dccc0234765eb0f3b827c47f81a04c7d054344dbe2a2be93ff7,3968f1af3ce614bf9a385e357cf7e1b88cee65ea91a531782fb75584b096360c,D:\pybullet_test\MRTA_GA\fixed_presplit_development\runs\runtime\w30\fixed_presplit_reference\seed_72_budget_500.json
w30,fixed_presplit_exact_fast,72,500,8.690491900080815,186.80859375,0.9967505663566631,1554.282783296886,500,65,435,65,65,435,378855,139881,95102,143871,139882,36.92230536748888,78788,76944,0,1844,62,0,0.01738098380016163,757.71,279.762,a3a469618ba99dccc0234765eb0f3b827c47f81a04c7d054344dbe2a2be93ff7,3968f1af3ce614bf9a385e357cf7e1b88cee65ea91a531782fb75584b096360c,D:\pybullet_test\MRTA_GA\fixed_presplit_development\runs\runtime\w30\fixed_presplit_exact_fast\seed_72_budget_500.json
w30,fixed_presplit_reference,73,500,14.793896599905565,100.9453125,0.9967505663566631,1554.282783296886,500,57,443,57,57,443,311141,182495,0,128642,182499,58.654757810767464,10598975,0,10538247,60728,0,0,0.02958779319981113,622.282,364.99,0ec910739181f98ad57aee804c178eb76252503117a27ba17a8d31cec41d5887,232c7e0d855facea659177fd2b56df97a2de7b13d3ed5a18fbc27028e44a85e3,D:\pybullet_test\MRTA_GA\fixed_presplit_development\runs\runtime\w30\fixed_presplit_reference\seed_73_budget_500.json
w30,fixed_presplit_exact_fast,73,500,7.013763799797744,170.87109375,0.9967505663566631,1554.282783296886,500,57,443,57,57,443,311141,113226,74037,123877,113227,36.390896731706846,67796,65952,0,1844,62,0,0.014027527599595488,622.282,226.452,0ec910739181f98ad57aee804c178eb76252503117a27ba17a8d31cec41d5887,232c7e0d855facea659177fd2b56df97a2de7b13d3ed5a18fbc27028e44a85e3,D:\pybullet_test\MRTA_GA\fixed_presplit_development\runs\runtime\w30\fixed_presplit_exact_fast\seed_73_budget_500.json
w30,fixed_presplit_reference,74,500,20.299096999922767,99.80859375,0.9967505663566627,1554.2827832968858,500,65,435,65,65,435,369625,224661,0,144960,224665,60.781873520459925,13502410,0,13431154,71256,0,0,0.04059819399984554,739.25,449.322,2f2fb5c31a3762d9d4508cc8254fb7ff5e8681fa03c7ae65c25c69fe28eec6ac,61e52611c3f86683d85f549a680065d6befe5d03b3ea00f8f019cb498b688366,D:\pybullet_test\MRTA_GA\fixed_presplit_development\runs\runtime\w30\fixed_presplit_reference\seed_74_budget_500.json
w30,fixed_presplit_exact_fast,74,500,10.414426299976185,188.375,0.9967505663566627,1554.2827832968858,500,65,435,65,65,435,369625,143378,86609,139637,143379,38.790395671288465,79316,77472,0,1844,62,0,0.02082885259995237,739.25,286.756,2f2fb5c31a3762d9d4508cc8254fb7ff5e8681fa03c7ae65c25c69fe28eec6ac,61e52611c3f86683d85f549a680065d6befe5d03b3ea00f8f019cb498b688366,D:\pybullet_test\MRTA_GA\fixed_presplit_development\runs\runtime\w30\fixed_presplit_exact_fast\seed_74_budget_500.json
w45,fixed_presplit_reference,72,500,106.06824739999138,121.3046875,0.9977782579099398,1991.868223994411,500,86,414,86,86,414,1372233,1045610,0,326619,1045614,76.19799261495679,84288370,0,84050170,238200,0,0,0.21213649479998276,2744.466,2091.22,ff0f435e8fb70c21e1ade2a9296bfda98615af65fb305b050efe25529756f705,dd8691e836ffcb497db77a590a740f74f109a49d0b2b8757b7a531a5c5a8f280,D:\pybullet_test\MRTA_GA\fixed_presplit_development\runs\runtime\w45\fixed_presplit_reference\seed_72_budget_500.json
w45,fixed_presplit_exact_fast,72,500,51.02047549979761,732.5859375,0.9977782579099398,1991.868223994411,500,86,414,86,86,414,1372233,815883,235813,320536,815884,59.456666615654925,255648,251072,0,4576,96,0,0.10204095099959523,2744.466,1631.766,ff0f435e8fb70c21e1ade2a9296bfda98615af65fb305b050efe25529756f705,dd8691e836ffcb497db77a590a740f74f109a49d0b2b8757b7a531a5c5a8f280,D:\pybullet_test\MRTA_GA\fixed_presplit_development\runs\runtime\w45\fixed_presplit_exact_fast\seed_72_budget_500.json
w45,fixed_presplit_reference,73,500,113.33976779994555,119.5234375,0.9977782579099398,1991.868223994411,500,86,414,86,86,414,1373565,1063596,0,309965,1063600,77.43353973055517,85477805,0,85244605,233200,0,0,0.2266795355998911,2747.13,2127.192,11bad6392015cc8d83a99e0f585268d3ff44de2b4fa123c2848e5a584385a366,4a0bd09b4f30225565f0aa44dc8836d090c4b0a4d1513cdc5b5673fcc25dd929,D:\pybullet_test\MRTA_GA\fixed_presplit_development\runs\runtime\w45\fixed_presplit_reference\seed_73_budget_500.json
w45,fixed_presplit_exact_fast,73,500,52.9053287000861,722.8203125,0.9977782579099398,1991.868223994411,500,86,414,86,86,414,1373565,826360,242852,304352,826361,60.161768827831224,250352,245776,0,4576,96,0,0.1058106574001722,2747.13,1652.72,11bad6392015cc8d83a99e0f585268d3ff44de2b4fa123c2848e5a584385a366,4a0bd09b4f30225565f0aa44dc8836d090c4b0a4d1513cdc5b5673fcc25dd929,D:\pybullet_test\MRTA_GA\fixed_presplit_development\runs\runtime\w45\fixed_presplit_exact_fast\seed_73_budget_500.json
w45,fixed_presplit_reference,74,500,86.38367059989832,121.015625,0.9977782579099397,1991.868223994411,500,72,428,72,72,428,1114578,844751,0,269823,844755,75.79146546944224,67653685,0,67460533,193152,0,0,0.17276734119979664,2229.156,1689.502,71777af0d5bcbc4cd4ac16dc7ccca3c092f01298366d124260471e73f5b79040,196de46a12c6107b8b526c01b27a2ea3fae50c2651661e10db32fe58aadf6091,D:\pybullet_test\MRTA_GA\fixed_presplit_development\runs\runtime\w45\fixed_presplit_reference\seed_74_budget_500.json
w45,fixed_presplit_exact_fast,74,500,43.91299320012331,597.55859375,0.9977782579099397,1991.868223994411,500,72,428,72,72,428,1114578,680153,169562,264862,680154,61.02345461690434,207616,203040,0,4576,96,0,0.08782598640024662,2229.156,1360.306,71777af0d5bcbc4cd4ac16dc7ccca3c092f01298366d124260471e73f5b79040,196de46a12c6107b8b526c01b27a2ea3fae50c2651661e10db32fe58aadf6091,D:\pybullet_test\MRTA_GA\fixed_presplit_development\runs\runtime\w45\fixed_presplit_exact_fast\seed_74_budget_500.json
w60,fixed_presplit_reference,72,500,575.8646907000802,229.0078125,0.9982814894314073,3615.580957817504,500,59,441,59,59,441,3746103,3336201,0,409898,3336205,89.05801575664097,476463060,0,476056276,406784,1198,21286742,1.1517293814001606,7492.206,6672.402,862d9a5d3299e8de85132ed2148ebcc7963bc16a566f11e327c7a0d54ccebbf0,c71c5e8334083d3f16ae088135d4c1e1ee59c92096d2c8d76e20ecae8acec90f,D:\pybullet_test\MRTA_GA\fixed_presplit_development\runs\runtime\w60\fixed_presplit_reference\seed_72_budget_500.json
w60,fixed_presplit_exact_fast,72,500,289.88495359988883,1607.453125,0.9982814894314073,3615.580957817504,500,59,441,59,59,441,3746103,3068022,270629,407451,3068023,81.8990561658342,429048,417560,0,11488,170,19587725,0.5797699071997776,7492.206,6136.044,862d9a5d3299e8de85132ed2148ebcc7963bc16a566f11e327c7a0d54ccebbf0,c71c5e8334083d3f16ae088135d4c1e1ee59c92096d2c8d76e20ecae8acec90f,D:\pybullet_test\MRTA_GA\fixed_presplit_development\runs\runtime\w60\fixed_presplit_exact_fast\seed_72_budget_500.json
w60,fixed_presplit_reference,73,500,524.7499846999999,228.7890625,1.0011839662695396,3617.9476945379643,500,55,445,55,55,445,3468665,3147965,0,320696,3147969,90.75448335310558,445832235,0,445450627,381608,1116,20020020,1.0494999693999998,6937.33,6295.93,f890a9bbd70d160e1e9fe92a79c5cb04298040bf794c574b6581c15cae847c65,3a842ed4788a95b93232ed6812c55670d494148c7bef38c91cae22e141c2ec30,D:\pybullet_test\MRTA_GA\fixed_presplit_development\runs\runtime\w60\fixed_presplit_reference\seed_73_budget_500.json
w60,fixed_presplit_exact_fast,73,500,277.06498799985275,1555.48046875,1.0011839662695396,3617.9476945379643,500,55,445,55,55,445,3468665,2945616,204101,318947,2945617,84.92076922966041,400424,388936,0,11488,170,18961439,0.5541299759997055,6937.33,5891.232,f890a9bbd70d160e1e9fe92a79c5cb04298040bf794c574b6581c15cae847c65,3a842ed4788a95b93232ed6812c55670d494148c7bef38c91cae22e141c2ec30,D:\pybullet_test\MRTA_GA\fixed_presplit_development\runs\runtime\w60\fixed_presplit_exact_fast\seed_73_budget_500.json
w60,fixed_presplit_reference,74,500,406.4519728999585,188.3125,1.00722071323132,3625.257683834602,500,46,454,46,46,454,2782343,2490019,0,292320,2490023,89.49374681698123,342000150,0,341683670,316480,930,14684455,0.812903945799917,5564.686,4980.038,c8f61d0c9cd24fa5cecaa43f21715d2b05e91337b6de15c6a8bc2a8d103cc719,e455f5d03652e4055569260dc72ffce7af440a6bef085eabfce209f92d7cfca8,D:\pybullet_test\MRTA_GA\fixed_presplit_development\runs\runtime\w60\fixed_presplit_reference\seed_74_budget_500.json
w60,fixed_presplit_exact_fast,74,500,211.178963100072,1290.72265625,1.00722071323132,3625.257683834602,500,46,454,46,46,454,2782343,2376547,114623,291172,2376548,85.41534958127018,333056,321568,0,11488,170,14164904,0.422357926200144,5564.686,4753.094,c8f61d0c9cd24fa5cecaa43f21715d2b05e91337b6de15c6a8bc2a8d103cc719,e455f5d03652e4055569260dc72ffce7af440a6bef085eabfce209f92d7cfca8,D:\pybullet_test\MRTA_GA\fixed_presplit_development\runs\runtime\w60\fixed_presplit_exact_fast\seed_74_budget_500.json
