target_weld_count,instance_seed,exact_target_found,requested_group_count,placed_group_count,actual_weld_count,count_delta,instance_hash,finite_coordinates,all_welds_in_platform,bbox_area_ratio,x_coverage_ratio,y_coverage_ratio,midpoint_dispersion,grid_occupancy_ratio,quadrant_0_length,quadrant_1_length,quadrant_2_length,quadrant_3_length,quadrant_length_mean,quadrant_length_std,quadrant_length_cv,upper_lower_length_imbalance,left_right_length_imbalance,cross_y6_count,cross_x10_count,cross_both_count,total_original_weld_length,weld_length_mean,weld_length_std,weld_length_min,weld_length_max,no_short_welds,hard_valid,duplicate_instance_hash,roundtrip_hash_match,regeneration_hash_match,coverage_rank_score,balance_rank_score,boundary_interaction_score,geometry_score,selected_independent_best,recommended_common_seed,selected_for_formal_experiments
30,41,True,25,25,30,0,2fab0e3e566477294710c7f5296eae3f19fffdaf771928347daa371758bb2a62,True,True,0.9214125359829193,0.9662452358861501,0.9536011167370834,0.2672330727924663,0.8125,10.370639571988907,13.78539373592851,6.364613034662437,17.241775430052673,11.940605443158132,4.033055022291783,0.33775967571248156,0.011507893084208107,0.2992293110128471,1,2,0,47.762421772632536,1.5920807257544176,1.028725132378334,0.5050000000000008,4.2134687500000005,True,True,False,True,True,1.0,0.75,1.0,0.9124999999999999,True,True,True
45,41,True,36,36,45,0,3b50059c27eb07cf6d40c8c36c0507257890c74fc956278aeedb8318f04e3c38,True,True,0.9350464591743827,0.9662452358861501,0.9677113267387499,0.25451499541831346,1.0,10.875639571988907,18.612074417740125,20.083733270100343,21.008642617552674,17.645022469345513,4.000655732285064,0.2267299879745325,0.16441834968026575,0.12271653674925599,3,4,0,70.58008987738206,1.5684464417196011,0.929561007418643,0.5050000000000008,4.2134687500000005,True,True,False,True,True,0.78,0.4666666666666666,0.44444444444444453,0.6032222222222222,,True,True
60,41,True,49,49,60,0,e7b7409b555e581a0ceea770b7e2c511bacdced8f3172021729319bd352f76d2,True,True,0.9485797421664627,0.9802300706381499,0.9677113267387499,0.2540449913063155,1.0,13.53308165695045,20.189508011490126,40.04814179871216,27.466693863083503,25.30935633255906,9.833353882374368,0.38852643082527993,0.33379203276974745,0.05852600025891192,3,6,0,101.23742533023626,1.687290422170604,1.665932463798332,0.5038731689459999,12.5,True,True,False,True,True,0.95,0.5833333333333334,0.5000000000000001,0.7316666666666667,True,True,True
30,42,True,8,8,30,0,6a9fc20efd2f8dcdadf9cd2e57b963cfdab2e8b46ec5755b47769ff34d9082b4,True,True,0.778374302920733,0.9303967752842001,0.8366046869444167,0.25133399339420115,0.6875,13.099308593750003,18.268567597439873,12.24869463826177,13.864,14.37014270736291,2.3221465456557375,0.16159523206863674,0.09142535429094023,0.11803230669991632,0,2,0,57.48057082945167,1.9160190276483882,2.881683909749954,0.5049999999999999,12.500000000000002,True,True,False,True,True,0.3,0.8333333333333334,0.6666666666666666,0.56,,False,
45,42,False,12,12,50,5,4dd26904673295016df02aeb76067c9863cefaad32ca48e3d5f4d260ce0ea0fb,True,True,0.8258346665350277,0.9577906217372,0.8622288084604167,0.3006448003601751,0.8125,13.099308593750003,29.366416763856282,12.24869463826177,21.102593565925183,18.954253390448308,6.933134362889497,0.3657825090796422,0.1202162512770406,0.331337333371688,1,2,0,75.8170135617933,1.516340271235865,2.3049202049316317,0.5038731689449998,12.500000000000002,True,False,False,False,False,,,,,,False,
60,42,False,14,14,62,2,6c08c1b4a84b98406ee41f6cbc83750542300f418e7487e78cb899dd53187fdd,True,True,0.8258346665350277,0.9577906217372,0.8622288084604167,0.28771463452195456,0.8125,17.312777343750003,37.23498436129518,12.24869463826177,21.102593565925183,21.974762477308033,9.353683118880888,0.4256557097506675,0.24114564972825644,0.3273767574839985,2,2,0,87.8990499092322,1.4177266114392277,2.122785863751464,0.5038731689449998,12.500000000000002,True,False,False,False,False,,,,,,False,
30,43,False,13,13,29,-1,2977ede3732d0f3c3e363ed4f7c735db2b69452e247c2b2cf28a176ba78f8528,True,True,0.827774553721592,0.86414445929355,0.9579122388845832,0.23260493511273042,0.75,9.223593565926432,19.281979880289924,21.29562568527835,5.6675265747695045,13.867181426566052,6.58215531394004,0.47465704179295415,0.027807042013844468,0.10041176762631762,4,1,0,55.468725706264216,1.912714679526352,2.160414423168033,0.5049999999999999,12.5,True,False,False,False,False,,,,,,False,
45,43,True,25,25,45,0,fcbf22496b8d78e12bec049a99fba6628e49b87b2f78afbd8ff496614e6b7283,True,True,0.8426808932275694,0.8797057381883,0.9579122388845832,0.26026609140275103,0.8125,9.223593565926432,24.278089227870133,24.3672384912033,14.938762858572808,18.201921035893168,6.445725806108192,0.3541233803507653,0.0797212358043659,0.07727233870286293,6,1,0,72.80768414357267,1.617948536523837,1.805732328017679,0.5038731689449989,12.5,True,True,False,True,True,0.3,0.6,0.44444444444444453,0.4338888888888889,,False,
60,43,True,36,36,60,0,b605f3994f60abb26f1f01d9d1128c1ab604673ba7556c9d25a9fe5bb982cdc6,True,True,0.8426808932275694,0.8797057381883,0.9579122388845832,0.2475818365277573,0.875,11.761927226066634,29.913008876039882,29.04254927302127,16.24169254607281,21.739794480300148,7.904407329831858,0.36359163086820157,0.0415057479068879,0.061525707244760065,6,2,0,86.95917792120058,1.44931963202001,1.603489739102419,0.5038731689449989,12.5,True,True,False,True,True,0.275,0.8333333333333334,0.6666666666666667,0.5487500000000001,,False,
30,44,False,13,13,33,3,82b2e6554c4b668c36eeef9e3a6312e73b6450385775690e5558dcf8cf28c8e5,True,True,0.9421840948041454,0.9556160117630499,0.9859442319995001,0.30618404381062336,0.6875,1.2453279418940006,20.520507701091866,12.205172576726973,11.096468750000001,11.26686924242821,6.836859005364743,0.6068108946910329,0.034077915761142545,0.4030950289202897,2,1,0,45.06747696971285,1.3656811202943284,0.9956217397722152,0.5053279418940004,4.21346875,True,False,False,False,False,,,,,,False,
45,44,False,16,16,43,-2,b821529d44fbe08bc9705315c10ca6090b77ccf80348b2cdcf812a4153dc1ac7,True,True,0.9421840948041454,0.9556160117630499,0.9859442319995001,0.31424545955580896,0.75,31.713347907719267,20.520507701091866,12.710172576726974,11.720468750000002,19.166124233884528,8.006002027880998,0.4177162753503851,0.3626608846786272,0.15890724546980117,2,1,0,76.66449693553811,1.7828952775706537,1.5312228074507646,0.5050000000000008,5.254,True,False,False,False,False,,,,,,False,
60,44,False,27,27,61,1,d6048870e5498b56ad617c4b094aa12f8fde18eb9a2ffca45751c251d138e968,True,True,0.969536824371256,0.9833586859218499,0.9859442319995001,0.2961631490561298,0.8125,41.342358746742704,23.166507701091867,23.20830434976635,22.387502358141653,27.526168288935644,7.983476619760946,0.29003225352545586,0.17177345155163518,0.1725326681675432,4,4,0,110.10467315574257,1.804994641897419,1.4015982095308825,0.5049999999999999,5.254,True,False,False,False,False,,,,,,False,
30,45,True,19,19,30,0,49dff2f47fb59e3dd11d1373d9d0da5f7a0038541bbfa858c0a2653e0035f6e4,True,True,0.8833467671882502,0.9430947650402501,0.9366468778464166,0.2548359878692522,0.75,16.96620918714032,8.150937500000001,16.1103343835357,4.102506509902973,11.332496895144748,5.407437618918462,0.4771620648963252,0.10819120091272266,0.45936698137756415,2,1,0,45.329987580579,1.5109995860192997,0.7420435738171167,0.503873168945,2.9591406250000007,True,True,False,True,True,0.675,0.3333333333333333,1.0,0.6204166666666666,,False,
45,45,True,28,28,45,0,d90616eb356e340fd658c6dc4c64ddb752b2c844807c3679d6dd71f249f98282,True,True,0.886138666189757,0.9430947650402501,0.9396072367679166,0.27606664624758037,1.0,19.018291129767146,11.855447530075818,16.8503343835357,16.822175956801356,16.136562250045003,2.6273485396498844,0.16281959558285453,0.04336071768455956,0.1114085192836785,3,1,0,64.54624900018004,1.4343610888928895,0.6872529939451696,0.503873168945,2.9591406250000007,True,True,False,True,True,0.62,0.7333333333333334,0.8888888888888888,0.7134444444444445,True,False,
60,45,False,38,38,59,-1,3af9e69da1de7e725f8e4b8f1ee1d401858717b20f836452605db487bc54bdc9,True,True,0.9144314371320678,0.9505490639688501,0.9620034060251667,0.2893739513123508,1.0,33.826724723517145,13.104833574587586,19.617607461302676,24.17956981381362,22.682183893305258,7.542549680748277,0.33253189887833035,0.034546728808524926,0.17811257584844245,5,2,0,90.72873557322104,1.5377751792071361,0.7852534359905512,0.503873168945,3.1295,True,False,False,False,False,,,,,,False,
30,46,False,7,7,28,-2,1f73fb9b87b365c067f734b1a9753b3ab75efc629f9137f36f7931a82c4be300,True,True,0.8277023440372933,0.9371311419096499,0.883230005942,0.25971230100304266,0.5625,10.203004715197618,19.263600693214332,3.0120000000000005,6.261433593750002,9.685009750540488,6.088260343945475,0.6286271775416343,0.5212481023453549,0.3177598652154103,0,0,0,38.74003900216194,1.3835728215057839,1.0481400465004092,0.5049999999999999,5.3750301062930665,True,False,False,False,False,,,,,,False,
45,46,False,11,11,46,1,c558790a260405b0e5b7ae45c6aa4a70ecc00826ceedf630402ee41092d21859,True,True,0.8277023440372933,0.9371311419096499,0.883230005942,0.25443784024432053,0.8125,16.503006731609762,20.832166274240077,18.31943359375,6.261433593750002,15.47901004833746,5.5393269536959915,0.3578605438201746,0.20599356448702166,0.1248277576090825,0,11,0,61.91604019334985,1.3460008737684748,1.0315850758143872,0.5049999999999999,5.3750301062930665,True,False,False,False,False,,,,,,False,
60,46,True,25,25,60,0,a6fb2988f40f45aa2516f9a7a97b0746a3d6f8b64755a3afb9cb8715037cd70e,True,True,0.8660875740532624,0.9371311419096499,0.9241903670903332,0.24714379137389428,0.875,18.646279809376736,27.926175720575266,27.45907991822139,6.885433593750003,20.22924226048085,8.545120495088572,0.4224142647093621,0.15111715333337888,0.13957208910558086,2,11,0,80.9169690419234,1.3486161506987233,0.9992211805621213,0.5049999999999999,5.3750301062930665,True,True,False,True,True,0.275,0.3333333333333333,0.0,0.24041666666666667,,False,
30,47,True,14,14,30,0,76fd0cb412af18ec39ccc5314fd271f39e8d03f7b210a675da27f7898a62caf6,True,True,0.7472021523173261,0.9274591711191501,0.8056442543079166,0.2365105523270443,0.75,9.508664710850846,12.792035650887932,4.19993383789,3.4508196382617666,7.487863459472636,3.8511713914279535,0.5143217971684527,0.4891230644388243,0.08461214450975509,2,0,0,29.951453837890547,0.9983817945963516,0.5513723885487832,0.5038731689460008,2.5909999999999993,True,True,False,True,True,0.175,0.5,0.6666666666666666,0.38708333333333333,,False,
45,47,True,25,25,45,0,e0bd040402c5ffc32b07d49cb98f8e97d2f73fa5f861a8a43455124b5a849f9b,True,True,0.9094003298164188,0.9274591711191501,0.9805286940222501,0.25368921123732374,0.9375,15.362140403954214,14.037035650887931,5.892867675779999,11.776772894575746,11.767204156299472,3.6257282815195127,0.30812147332197937,0.24919971066804109,0.09685394264382143,4,1,0,47.0688166251979,1.0459737027821754,0.5347703677810439,0.5038731689459999,2.5909999999999993,True,True,False,True,True,0.52,0.4666666666666666,0.8888888888888891,0.5751111111111111,,False,
60,47,False,37,37,59,-1,e311d62298ea27dc7a3fde1094671309ed4dedb7b2ab9f836b013acfed787dde,True,True,0.9573506839436893,0.9763617217732999,0.9805286940222501,0.2743833651130506,1.0,17.0369007235097,16.003529827011157,10.065637702634547,13.894789154154335,14.250214351827434,2.6681803206375374,0.18723790777893615,0.15929591425001194,0.0490480438749105,7,1,0,57.000857407309745,0.966116227242538,0.512633049402017,0.5038731689459999,2.5909999999999993,True,False,False,False,False,,,,,,False,
30,48,False,14,14,32,2,180701a0fbbde0dc52e1d7556b362c35d531feaeeb6ac1036b6ce388ac015821,True,True,0.8318398627883787,0.89285733544155,0.9316604453689167,0.2738153697736707,0.6875,8.873022011768885,9.593737210345878,9.383125220139231,21.394608568752286,12.311123252751571,5.250895281085176,0.42651634406402245,0.24999698065782114,0.25855070828619064,2,3,0,49.24449301100631,1.5388904065939466,2.070067010342104,0.5038731689449998,12.5,True,False,False,False,False,,,,,,False,
45,48,True,17,17,45,0,60b8e0f4e692496a671a8b36875b5bc9475922f70d6af5043354cc4c827bf88e,True,True,0.9058883439738685,0.9658641381538999,0.93790452320275,0.2852215429950525,0.75,8.873022011768885,9.593737210345878,21.465161567578107,22.018608568752285,15.487632339611288,6.262499017181166,0.404354834868087,0.40382239140310533,0.020567414240786865,2,3,0,61.95052935844521,1.3766784301876704,1.83434018897308,0.5038731689449998,12.5,True,True,False,True,True,0.52,0.4666666666666666,0.8888888888888891,0.5751111111111111,,False,
60,48,True,22,22,60,0,bc58ce74c83a4a9bef73c67ed3a695a8e41c4639d6c97c99cd71cdc56101b10f,True,True,0.9058883439738685,0.9658641381538999,0.93790452320275,0.27736601113628884,0.8125,17.95662252046274,9.593737210345878,22.005152715616614,24.0326850050781,18.397049362875833,5.533332620449438,0.3007728310831942,0.25122884688227126,0.08609197181151969,2,3,0,73.5881974515034,1.2264699575250557,1.6145202427885255,0.5038731689449998,12.5,True,True,False,True,True,0.6,0.5833333333333334,0.8333333333333333,0.6408333333333334,,False,
30,49,False,13,13,33,3,beb4440c07d3857e68ef2576061d336b29eee2cc1d40d6cbfc151fec1b6d8198,True,True,0.8725590993565987,0.952088995015,0.9164680023875832,0.2554770447807036,0.6875,16.019438319414924,4.307678866454829,9.885512046487953,6.366177436522545,9.144701667220062,4.442065694323937,0.48575293716216994,0.11141499884758295,0.41639122349727953,11,1,0,36.57880666888027,1.1084486869357653,0.7411079624165849,0.5038731689449989,4.2134687500000005,True,False,False,False,False,,,,,,False,
45,49,False,19,19,47,2,e2fb9ef7283fa2f27de8898822a9df2243abeee8ff4f341103afa03d6b1b796a,True,True,0.9237052905838019,0.9544882069199001,0.9677492963109167,0.25843142850038875,0.875,19.805880404373493,5.816755302780646,16.542670142265276,11.959856594592933,13.531290611003087,5.2541018177732965,0.38829273339978954,0.053207988663000486,0.3431294763960515,11,1,0,54.12516244401236,1.1515992009364329,0.9300495774449111,0.5038731689449989,5.37503010629355,True,False,False,False,False,,,,,,False,
60,49,False,31,31,59,-1,e4fdcf0287d09d2047e6f387d327ef15d24798eb1620df006f23e62bcb3bc160,True,True,0.9371034342131512,0.9544882069199001,0.9817862886301666,0.2588198808103483,0.9375,21.560904463666393,22.598043362155668,20.855103736015273,17.19148531773793,20.551384219893816,2.036486615741192,0.09909243065826512,0.07435458734395214,0.03195015347488899,11,2,0,82.20553687957528,1.3933141843995807,1.7040145860023972,0.5038731689449989,12.5,True,False,False,False,False,,,,,,False,
30,50,True,11,11,30,0,c158ca8b4940e46d852b7d97734713cbea459c0884a645134813cbd123e13599,True,True,0.7834879801298523,0.9133951551266,0.8577754936977501,0.26062553161385205,0.625,5.199964074717772,6.14804865991638,31.655953803716272,7.8685675974378775,12.718133533947075,10.975520643826954,0.8629820259813469,0.5538648535044787,0.4489515218588759,5,1,0,50.87253413578833,1.69575113785961,1.613771677023686,0.5049999999999999,5.254,True,True,False,True,True,0.35,0.08333333333333333,0.0,0.18666666666666668,,False,
45,50,True,22,22,45,0,51834bd015bd6ec268ce05b3ce68152ff6852a62b4da745a8cd5530e4080c62a,True,True,0.8652648869703422,0.9276714347644999,0.9327277466401666,0.2601496833415281,0.8125,5.939964074717772,13.018959494874943,37.15137069788023,25.342112600657693,20.36310171703266,11.922665905545053,0.5855034302349122,0.5344784936733242,0.058073945988158966,5,2,0,81.45240686813067,1.8100534859584587,2.171071131140495,0.5038731689449989,12.5,True,True,False,True,True,0.26,0.26666666666666666,0.44444444444444453,0.2992222222222222,,False,
60,50,True,35,35,60,0,216eb97f6788599f3a8cf50f2ca836a70fa8a9642f74cbeff9e621c7d7db5b00,True,True,0.8659156628431411,0.9283691473340498,0.9327277466401666,0.25055579352826796,0.9375,9.71883126221777,16.929759846431963,43.77345664327509,29.207721362858575,24.90744227869585,12.930160669981335,0.5191284004717307,0.46504761889093776,0.0738213764977097,7,3,0,99.62976911478343,1.6604961519130568,1.9904576604628048,0.5038731689449989,12.5,True,True,False,True,True,0.4,0.16666666666666666,0.3333333333333335,0.30500000000000005,,False,
