completed_manifest_entries,success,collision,failed_attempts,last_run_id,created_at,checkpoint_path
100,100,100,1,equal_time__real_w30__hga_atomic__seed_225,2026-07-17T05:35:41.080410+00:00,formal_atomic/formal_execution/checkpoints/checkpoint_00100.json
200,200,200,1,equal_time__real_w45__hga_atomic__seed_220,2026-07-17T06:01:50.891482+00:00,formal_atomic/formal_execution/checkpoints/checkpoint_00200.json
300,300,300,1,equal_time__real_w60__eprk__seed_215,2026-07-17T06:33:27.979876+00:00,formal_atomic/formal_execution/checkpoints/checkpoint_00300.json
400,400,400,1,equal_time__uniform_n30_r1__hga_atomic__seed_210,2026-07-17T07:08:14.372296+00:00,formal_atomic/formal_execution/checkpoints/checkpoint_00400.json
500,500,500,1,equal_time__uniform_n30_r2__eprk__seed_205,2026-07-17T07:42:36.676351+00:00,formal_atomic/formal_execution/checkpoints/checkpoint_00500.json
600,600,600,1,equal_time__uniform_n30_r2__eprk__seed_230,2026-07-17T08:17:05.369497+00:00,formal_atomic/formal_execution/checkpoints/checkpoint_00600.json
700,700,700,1,equal_time__uniform_n60_r1__eprk__seed_225,2026-07-17T08:52:27.248880+00:00,formal_atomic/formal_execution/checkpoints/checkpoint_00700.json
800,800,800,1,equal_time__uniform_n60_r2__eprk__seed_220,2026-07-17T09:27:33.799790+00:00,formal_atomic/formal_execution/checkpoints/checkpoint_00800.json
900,900,900,1,equal_time__uniform_n100_r1__hga_atomic__seed_215,2026-07-17T10:03:30.135978+00:00,formal_atomic/formal_execution/checkpoints/checkpoint_00900.json
1000,1000,1000,1,equal_time__uniform_n100_r2__eprk__seed_210,2026-07-17T10:40:22.242095+00:00,formal_atomic/formal_execution/checkpoints/checkpoint_01000.json
1100,1100,1100,2,equal_time__clustered_n30_r1__eprk__seed_205,2026-07-17T12:12:57.440520+00:00,formal_atomic/formal_execution/checkpoints/checkpoint_01100.json
1200,1200,1200,2,equal_time__clustered_n30_r1__eprk__seed_230,2026-07-17T12:47:00.378770+00:00,formal_atomic/formal_execution/checkpoints/checkpoint_01200.json
1300,1300,1300,2,equal_time__clustered_n30_r2__eprk__seed_225,2026-07-17T13:21:07.323148+00:00,formal_atomic/formal_execution/checkpoints/checkpoint_01300.json
1400,1400,1400,2,equal_time__clustered_n60_r1__hga_atomic__seed_220,2026-07-17T13:56:15.960451+00:00,formal_atomic/formal_execution/checkpoints/checkpoint_01400.json
1500,1500,1500,2,equal_time__clustered_n60_r2__hga_atomic__seed_215,2026-07-17T14:31:46.163479+00:00,formal_atomic/formal_execution/checkpoints/checkpoint_01500.json
1600,1600,1600,2,equal_time__clustered_n100_r1__hga_atomic__seed_210,2026-07-17T15:08:02.258361+00:00,formal_atomic/formal_execution/checkpoints/checkpoint_01600.json
1700,1700,1700,2,equal_time__clustered_n100_r2__eprk__seed_205,2026-07-17T15:45:25.166637+00:00,formal_atomic/formal_execution/checkpoints/checkpoint_01700.json
1800,1800,1800,2,equal_time__clustered_n100_r2__eprk__seed_230,2026-07-17T16:22:50.872211+00:00,formal_atomic/formal_execution/checkpoints/checkpoint_01800.json
1900,1900,1900,2,equal_time__boundary_dense_n30_r1__hga_atomic__seed_225,2026-07-17T16:57:25.040568+00:00,formal_atomic/formal_execution/checkpoints/checkpoint_01900.json
2000,2000,2000,2,equal_time__boundary_dense_n30_r2__eprk__seed_220,2026-07-17T17:32:01.895535+00:00,formal_atomic/formal_execution/checkpoints/checkpoint_02000.json
2100,2100,2100,2,equal_time__boundary_dense_n60_r1__eprk__seed_215,2026-07-17T18:07:14.877452+00:00,formal_atomic/formal_execution/checkpoints/checkpoint_02100.json
2200,2200,2200,3,equal_time__boundary_dense_n60_r2__eprk__seed_210,2026-07-17T18:48:40.358415+00:00,formal_atomic/formal_execution/checkpoints/checkpoint_02200.json
2300,2300,2300,3,equal_time__boundary_dense_n100_r1__hga_atomic__seed_205,2026-07-17T19:24:02.290475+00:00,formal_atomic/formal_execution/checkpoints/checkpoint_02300.json
2400,2400,2400,3,equal_time__boundary_dense_n100_r1__hga_atomic__seed_230,2026-07-17T20:00:15.708248+00:00,formal_atomic/formal_execution/checkpoints/checkpoint_02400.json
2500,2500,2500,3,equal_time__boundary_dense_n100_r2__hga_atomic__seed_225,2026-07-17T20:36:25.141691+00:00,formal_atomic/formal_execution/checkpoints/checkpoint_02500.json
2600,2600,2600,3,equal_time__long_weld_rich_n30_r1__eprk__seed_220,2026-07-17T21:59:50.306680+00:00,formal_atomic/formal_execution/checkpoints/checkpoint_02600.json
2700,2700,2700,3,equal_time__long_weld_rich_n30_r2__eprk__seed_215,2026-07-17T23:33:18.469420+00:00,formal_atomic/formal_execution/checkpoints/checkpoint_02700.json
2800,2800,2800,3,equal_time__long_weld_rich_n60_r1__hga_atomic__seed_210,2026-07-18T01:07:46.966548+00:00,formal_atomic/formal_execution/checkpoints/checkpoint_02800.json
2900,2900,2900,3,equal_time__long_weld_rich_n60_r2__eprk__seed_205,2026-07-18T02:43:46.823865+00:00,formal_atomic/formal_execution/checkpoints/checkpoint_02900.json
3000,3000,3000,3,equal_time__long_weld_rich_n60_r2__hga_atomic__seed_230,2026-07-18T04:19:52.657627+00:00,formal_atomic/formal_execution/checkpoints/checkpoint_03000.json
3100,3100,3100,3,equal_time__long_weld_rich_n100_r1__hga_atomic__seed_225,2026-07-18T06:01:09.407727+00:00,formal_atomic/formal_execution/checkpoints/checkpoint_03100.json
3200,3200,3200,3,equal_time__long_weld_rich_n100_r2__eprk__seed_220,2026-07-18T07:42:24.968532+00:00,formal_atomic/formal_execution/checkpoints/checkpoint_03200.json
3300,3300,3300,3,equal_time__zero_travel_chain_n30_r1__eprk__seed_215,2026-07-18T08:38:25.581522+00:00,formal_atomic/formal_execution/checkpoints/checkpoint_03300.json
3400,3400,3400,3,equal_time__zero_travel_chain_n30_r2__eprk__seed_210,2026-07-18T09:04:19.524972+00:00,formal_atomic/formal_execution/checkpoints/checkpoint_03400.json
3500,3500,3500,3,equal_time__zero_travel_chain_n60_r1__hga_atomic__seed_205,2026-07-18T09:30:20.752023+00:00,formal_atomic/formal_execution/checkpoints/checkpoint_03500.json
3600,3600,3600,3,equal_time__zero_travel_chain_n60_r1__eprk__seed_230,2026-07-18T09:58:41.641128+00:00,formal_atomic/formal_execution/checkpoints/checkpoint_03600.json
3700,3700,3700,3,equal_time__zero_travel_chain_n60_r2__eprk__seed_225,2026-07-18T10:25:16.670894+00:00,formal_atomic/formal_execution/checkpoints/checkpoint_03700.json
3800,3800,3800,3,equal_time__zero_travel_chain_n100_r1__hga_atomic__seed_220,2026-07-18T10:52:44.700652+00:00,formal_atomic/formal_execution/checkpoints/checkpoint_03800.json
3900,3900,3900,3,equal_time__zero_travel_chain_n100_r2__hga_atomic__seed_215,2026-07-18T11:20:35.420827+00:00,formal_atomic/formal_execution/checkpoints/checkpoint_03900.json
4000,4000,4000,3,equal_time__load_skewed_n30_r1__hga_atomic__seed_210,2026-07-18T11:47:37.026471+00:00,formal_atomic/formal_execution/checkpoints/checkpoint_04000.json
4100,4100,4100,3,equal_time__load_skewed_n30_r2__eprk__seed_205,2026-07-18T12:13:32.739064+00:00,formal_atomic/formal_execution/checkpoints/checkpoint_04100.json
4200,4200,4200,3,equal_time__load_skewed_n30_r2__eprk__seed_230,2026-07-18T12:39:28.453161+00:00,formal_atomic/formal_execution/checkpoints/checkpoint_04200.json
4300,4300,4300,3,equal_time__load_skewed_n60_r1__eprk__seed_225,2026-07-18T13:06:06.248239+00:00,formal_atomic/formal_execution/checkpoints/checkpoint_04300.json
4400,4400,4400,3,equal_time__load_skewed_n60_r2__hga_atomic__seed_220,2026-07-18T13:32:42.383016+00:00,formal_atomic/formal_execution/checkpoints/checkpoint_04400.json
4500,4500,4500,3,equal_time__load_skewed_n100_r1__eprk__seed_215,2026-07-18T14:00:07.468132+00:00,formal_atomic/formal_execution/checkpoints/checkpoint_04500.json
4600,4600,4600,3,equal_time__load_skewed_n100_r2__hga_atomic__seed_210,2026-07-18T14:28:08.019248+00:00,formal_atomic/formal_execution/checkpoints/checkpoint_04600.json
