acceptance_sequence_hash,algorithm,algorithm_time_s,alns_time_s,best_fitness_after_generation_5,candidate_sequence_hash,collision_audit,direction_dp_count,evaluations_per_second,expected_primary_evaluations,final_fitness_after_generation_20,final_population_diversity,final_population_diversity_status,fitness,formal,generation_of_final_best,generations_completed,index,initial_best_fitness,inner_rng_final_state_hash,instance,instance_hash,instance_path,load_imbalance,makespan,normalization_hash,normalization_hash_status,normalization_mode,number_of_accepted_trials,number_of_improving_generations,objective_evaluation_count,outer_rng_final_state_hash,parallel,partition_cache_hits,partition_cache_misses,peak_rss_bytes,postprocess_time_s,primary_evaluation_of_final_best,process_startup_time_measurement,process_startup_time_s,protocol_hash,protocol_version,remaining_improvement_after_generation_5,result_reconstruction_status,returncode,robot_task_counts,route_evaluation_count,run_directory,run_id,scientific_model_hash,scientific_model_version,seconds_per_primary_evaluation,seed,solver_source_hash,solver_wall_clock_time_s,split_weld_count,status,stop_reason,subweld_count,time_to_best_s,total_idle_distance,total_run_time_s,unassigned_count,unique_partition_count,vnd_time_s,x_low,x_up
dc336558d8f7117eaa4c865037e05ef7a461669ee6efbaf0ea8400d8b39bc5a1,ABMA1,20.998293300159276,16.098757898667827,1.010605934542888,2efa2fe60e56095ae489e78a0422e693fc3f5c42b1f74bf0900aab12081a967f,False,243826,3.428850096091089,72,,,not_exposed_by_authoritative_solver,1.010605934542888,False,1,5,1,1.0825546112723927,1b074b36f949b22177b7d9dd2172d3178be94068c5c0182d51bd624f52c05240,w30,2fab0e3e566477294710c7f5296eae3f19fffdaf771928347daa371758bb2a62,data/instances/selected/instance_w30.xlsx,144.15812496997773,1269.308863646738,e9e221a5db62c86aed76061099db5eaeb9b8c63708fbd05e33328b1811a38df4,protocol_declared_hash; strict protocol validator currently reports frozen-float drift,ideal_baseline_range_v1,29,1,72,71c534697709f6bb24f781cc8eae3acd3244080f9e81d5bac83680f9c8b697c9,False,0,72,,1.1384242998901755,14,cold_process_wall_minus_solver_algorithm_time; includes imports and serialization,3.0774691998958588,5fb8fec80189731e702186e13567ea8cb1d16c707b06446f9ab1e705c76291dc,2.6.0,,success,0,"[12, 8, 8, 6]",443938,experiments/abma_outer5_v1/raw/w30/ABMA1/seed_78,w30__ABMA1__seed_78,0f950019e8c081f4cf0d745eabed2b5c6d0ea477e588356f1e592cb7253f3de2,dynamic_split_parent_aware_v1,0.29164296250221217,78,7f6f09a030543f6e4e14d2bd837791c90896da3bb1e395f409c33d6eaef20df9,24.075762500055134,4,success,generation_limit,34,5.196732900105417,71.15430242870491,25.21418679994531,0,72,3.786551602417603,13.922995079560646,10.874575924423
d7d758431216ac7ae0ded2a5e65377f67501ef7ffdf7b43ea5cd125060b02c56,ABMA20,45.400049899937585,31.269149400293827,1.010605934542888,ec5c17583cbde7028ff99ab0f3b630200f67a8f3e15f8be2ab5361b8a0cff0f4,False,653160,5.550654692129456,252,0.8699137546281621,,not_exposed_by_authoritative_solver,0.8699137546281621,False,19,20,2,1.0825546112723927,27d5ca07b207a278c9294870057cc2330f8c20266a6739a4fa2af6dd082b453e,w30,2fab0e3e566477294710c7f5296eae3f19fffdaf771928347daa371758bb2a62,data/instances/selected/instance_w30.xlsx,100.73300233801228,1247.981379390075,e9e221a5db62c86aed76061099db5eaeb9b8c63708fbd05e33328b1811a38df4,protocol_declared_hash; strict protocol validator currently reports frozen-float drift,ideal_baseline_range_v1,90,7,252,f0cc08bd5e071043cb970d5bc74f2db603aef70a31047fcaafbd8ef1d64c62ae,False,0,252,,0.7102645002305508,234,cold_process_wall_minus_solver_algorithm_time; includes imports and serialization,1.9969363000709563,5fb8fec80189731e702186e13567ea8cb1d16c707b06446f9ab1e705c76291dc,2.6.0,0.16173118216168866,success,0,"[13, 8, 8, 6]",1399126,experiments/abma_outer5_v1/raw/w30/ABMA20/seed_78,w30__ABMA20__seed_78,0f950019e8c081f4cf0d745eabed2b5c6d0ea477e588356f1e592cb7253f3de2,dynamic_split_parent_aware_v1,0.1801589281743555,78,7f6f09a030543f6e4e14d2bd837791c90896da3bb1e395f409c33d6eaef20df9,47.39698620000854,5,success,generation_limit,35,42.26255420013331,76.89076798539294,48.10725070023909,0,252,11.616423201048747,13.827066255672877,11.023837822926847
,HGA-budget72,0.09860889986157417,,,,False,231,730.1572180713163,72,,1.0,HGA final_diversity_rank; ABMA source does not expose an equivalent,3.7167385932436883,False,0,0,3,3.7167385932436883,,w30,2fab0e3e566477294710c7f5296eae3f19fffdaf771928347daa371758bb2a62,data/instances/selected/instance_w30.xlsx,1008.1767668988668,1636.3616602950501,e9e221a5db62c86aed76061099db5eaeb9b8c63708fbd05e33328b1811a38df4,protocol_declared_hash; strict protocol validator currently reports frozen-float drift,ideal_baseline_range_v1,,0,72,,False,0,0,,0.28963030013255775,1,cold_process_wall_minus_solver_algorithm_time; includes imports and serialization,1.6300527001731098,5fb8fec80189731e702186e13567ea8cb1d16c707b06446f9ab1e705c76291dc,2.6.0,,success,0,"[11, 10, 4, 8]",451,experiments/abma_outer5_v1/raw/w30/HGA-budget72/seed_78,w30__HGA-budget72__seed_78,0f950019e8c081f4cf0d745eabed2b5c6d0ea477e588356f1e592cb7253f3de2,dynamic_split_parent_aware_v1,0.0013695680536329746,78,db2557a2c96606f0b7f933808f9efb6b26468240073405697aa54304be26f2e7,1.728661600034684,3,success,objective_budget,33,0.0536440999712795,59.197398685276966,2.0182919001672417,0,121,,10.0,10.0
,HGA-budget252,0.1688902999740094,,,,False,266,1492.0927965595442,252,,1.0,HGA final_diversity_rank; ABMA source does not expose an equivalent,3.7167385932436883,False,0,0,4,3.7167385932436883,,w30,2fab0e3e566477294710c7f5296eae3f19fffdaf771928347daa371758bb2a62,data/instances/selected/instance_w30.xlsx,1008.1767668988668,1636.3616602950501,e9e221a5db62c86aed76061099db5eaeb9b8c63708fbd05e33328b1811a38df4,protocol_declared_hash; strict protocol validator currently reports frozen-float drift,ideal_baseline_range_v1,,0,252,,False,0,0,,0.03592739999294281,1,cold_process_wall_minus_solver_algorithm_time; includes imports and serialization,1.627174299908802,5fb8fec80189731e702186e13567ea8cb1d16c707b06446f9ab1e705c76291dc,2.6.0,,success,0,"[11, 10, 4, 8]",1171,experiments/abma_outer5_v1/raw/w30/HGA-budget252/seed_78,w30__HGA-budget252__seed_78,0f950019e8c081f4cf0d745eabed2b5c6d0ea477e588356f1e592cb7253f3de2,dynamic_split_parent_aware_v1,0.0006701996030714658,78,db2557a2c96606f0b7f933808f9efb6b26468240073405697aa54304be26f2e7,1.7960645998828113,3,success,objective_budget,33,0.04925889987498522,59.197398685276966,1.8319919998757541,0,121,,10.0,10.0
2d3031fda50b56d1cfb0b1958f33e94cd39ac45236a13c704c535472f383037a,ABMA20,47.70488129998557,34.710086901672184,1.0928454210031089,ca8fa5cca54e16246fc425c424e408d8fd4160bf57a323fa23ccd2dc56c3ba03,False,728367,5.282478294314008,252,0.7886881476711166,,not_exposed_by_authoritative_solver,0.7886881476711166,False,18,20,5,1.0928454210031089,4fe2a36147c586c44e5e1c299576e586a15c523e8f5535322673b6e35d171d30,w30,2fab0e3e566477294710c7f5296eae3f19fffdaf771928347daa371758bb2a62,data/instances/selected/instance_w30.xlsx,7.347022067290482,1247.9271397889602,e9e221a5db62c86aed76061099db5eaeb9b8c63708fbd05e33328b1811a38df4,protocol_declared_hash; strict protocol validator currently reports frozen-float drift,ideal_baseline_range_v1,92,5,252,c8f442251ad92f6bffa5bd4fe2e687e3974516c1c91cc5506c45a36810d78960,False,0,252,,0.06966419983655214,223,cold_process_wall_minus_solver_algorithm_time; includes imports and serialization,1.647281700046733,5fb8fec80189731e702186e13567ea8cb1d16c707b06446f9ab1e705c76291dc,2.6.0,0.38564960590586433,success,0,"[13, 8, 8, 7]",1419800,experiments/abma_outer5_v1/raw/w30/ABMA20/seed_79,w30__ABMA20__seed_79,0f950019e8c081f4cf0d745eabed2b5c6d0ea477e588356f1e592cb7253f3de2,dynamic_split_parent_aware_v1,0.18930508452375228,79,7f6f09a030543f6e4e14d2bd837791c90896da3bb1e395f409c33d6eaef20df9,49.352163000032306,5,success,generation_limit,36,42.42668670020066,103.25323498972944,49.42182719986886,0,252,10.345927498536184,13.12650086903396,10.996837112255484
6d36e0b3bfea4992138bd8760e25108d7fe1e2b8a999c921ed1f444088e6677b,ABMA1,23.134442599955946,18.64923100010492,1.0928454210031089,d9390d75fb26e0d63f607e9e2a12cc9887a134f9a10655950eb6e7344add6a4c,False,285006,3.112242695665255,72,,,not_exposed_by_authoritative_solver,1.0928454210031089,False,0,5,6,1.0928454210031089,b25572ebba4802acfda6f7eb9c90ff6ec932d8f7b801453f0ca905d787711c38,w30,2fab0e3e566477294710c7f5296eae3f19fffdaf771928347daa371758bb2a62,data/instances/selected/instance_w30.xlsx,215.2955015693176,1269.308863646738,e9e221a5db62c86aed76061099db5eaeb9b8c63708fbd05e33328b1811a38df4,protocol_declared_hash; strict protocol validator currently reports frozen-float drift,ideal_baseline_range_v1,28,0,72,240eb6586ea3587775e895411b9c16c36c7cbaf6010b22b9e3e7a94b4b5971be,False,0,72,,0.07402329985052347,2,cold_process_wall_minus_solver_algorithm_time; includes imports and serialization,2.8152118001598865,5fb8fec80189731e702186e13567ea8cb1d16c707b06446f9ab1e705c76291dc,2.6.0,,success,0,"[12, 8, 8, 6]",480201,experiments/abma_outer5_v1/raw/w30/ABMA1/seed_79,w30__ABMA1__seed_79,0f950019e8c081f4cf0d745eabed2b5c6d0ea477e588356f1e592cb7253f3de2,dynamic_split_parent_aware_v1,0.3213117027771659,79,7f6f09a030543f6e4e14d2bd837791c90896da3bb1e395f409c33d6eaef20df9,25.949654400115833,4,success,generation_limit,34,0.2264566000085324,64.46737412925695,26.023677699966356,0,72,3.3749983003363013,14.126169703222,10.874575924423
,HGA-budget252,0.38302540010772645,,,,False,307,657.919814010049,252,,1.0,HGA final_diversity_rank; ABMA source does not expose an equivalent,3.7420447010908915,False,0,0,7,3.7420447010908915,,w30,2fab0e3e566477294710c7f5296eae3f19fffdaf771928347daa371758bb2a62,data/instances/selected/instance_w30.xlsx,1012.5960251906029,1640.7809185867861,e9e221a5db62c86aed76061099db5eaeb9b8c63708fbd05e33328b1811a38df4,protocol_declared_hash; strict protocol validator currently reports frozen-float drift,ideal_baseline_range_v1,,0,252,,False,0,0,,0.042459300020709634,1,cold_process_wall_minus_solver_algorithm_time; includes imports and serialization,2.6210912000387907,5fb8fec80189731e702186e13567ea8cb1d16c707b06446f9ab1e705c76291dc,2.6.0,,success,0,"[11, 10, 4, 8]",1171,experiments/abma_outer5_v1/raw/w30/HGA-budget252/seed_79,w30__HGA-budget252__seed_79,0f950019e8c081f4cf0d745eabed2b5c6d0ea477e588356f1e592cb7253f3de2,dynamic_split_parent_aware_v1,0.0015199420639195494,79,db2557a2c96606f0b7f933808f9efb6b26468240073405697aa54304be26f2e7,3.004116600146517,3,success,objective_budget,33,0.09655530005693436,59.38240501939936,3.046575900167227,0,121,,10.0,10.0
,HGA-budget72,0.19872240000404418,,,,False,232,362.3144647937763,72,,1.0,HGA final_diversity_rank; ABMA source does not expose an equivalent,3.7420447010908915,False,0,0,8,3.7420447010908915,,w30,2fab0e3e566477294710c7f5296eae3f19fffdaf771928347daa371758bb2a62,data/instances/selected/instance_w30.xlsx,1012.5960251906029,1640.7809185867861,e9e221a5db62c86aed76061099db5eaeb9b8c63708fbd05e33328b1811a38df4,protocol_declared_hash; strict protocol validator currently reports frozen-float drift,ideal_baseline_range_v1,,0,72,,False,0,0,,0.07276330003514886,1,cold_process_wall_minus_solver_algorithm_time; includes imports and serialization,2.671404000138864,5fb8fec80189731e702186e13567ea8cb1d16c707b06446f9ab1e705c76291dc,2.6.0,,success,0,"[11, 10, 4, 8]",451,experiments/abma_outer5_v1/raw/w30/HGA-budget72/seed_79,w30__HGA-budget72__seed_79,0f950019e8c081f4cf0d745eabed2b5c6d0ea477e588356f1e592cb7253f3de2,dynamic_split_parent_aware_v1,0.0027600333333895025,79,db2557a2c96606f0b7f933808f9efb6b26468240073405697aa54304be26f2e7,2.870126400142908,3,success,objective_budget,33,0.11253449996002018,59.38240501939936,2.942889700178057,0,121,,10.0,10.0
bcf93e79e94f1789ede9eb78b93403e65472b1e0aafe5eb4c1a28d6e3c53820b,ABMA1,22.142240300076082,17.89802819886245,1.0616110106663088,21fad8c78906154e31f6cb2268394b5776c1635561aaeed40f431ad9f5d32e0e,False,292791,3.2517034872822963,72,,,not_exposed_by_authoritative_solver,1.0616110106663088,False,2,5,9,1.0928454210031089,d80955be14eba2bb25a6baf9783388225a9c96cc2d33e5e10647105b9a5faa51,w30,2fab0e3e566477294710c7f5296eae3f19fffdaf771928347daa371758bb2a62,data/instances/selected/instance_w30.xlsx,184.09800959077234,1269.308863646738,e9e221a5db62c86aed76061099db5eaeb9b8c63708fbd05e33328b1811a38df4,protocol_declared_hash; strict protocol validator currently reports frozen-float drift,ideal_baseline_range_v1,29,1,72,e61ea11920bbeeea214650f76aabf97a324ac8836126b63625e1986ffe5bb5e3,False,0,72,,0.05385640007443726,26,cold_process_wall_minus_solver_algorithm_time; includes imports and serialization,3.024516799952835,5fb8fec80189731e702186e13567ea8cb1d16c707b06446f9ab1e705c76291dc,2.6.0,,success,0,"[12, 8, 8, 6]",496891,experiments/abma_outer5_v1/raw/w30/ABMA1/seed_80,w30__ABMA1__seed_80,0f950019e8c081f4cf0d745eabed2b5c6d0ea477e588356f1e592cb7253f3de2,dynamic_split_parent_aware_v1,0.3075311152788345,80,7f6f09a030543f6e4e14d2bd837791c90896da3bb1e395f409c33d6eaef20df9,25.166757100028917,4,success,generation_limit,34,8.700307100079954,70.55016860527454,25.220613500103354,0,72,3.2497371991630644,14.12193891660221,10.874575924423
9b75a025a1bcaf9486bbfe22aeaeda33e5ce6dfbe1f78f658e65bf75cfdae9fe,ABMA20,55.95346869993955,41.21231789980084,1.0616110106663088,c4731df3fdfd8c4d231f8b28a3f443852a7ce39b9051ba928cecf31b0e91941b,False,731797,4.503742231806841,252,0.8411868231500879,,not_exposed_by_authoritative_solver,0.8411868231500879,False,20,20,10,1.0928454210031089,9deae6e2900f32a8250c20921710a4368d6779e0ee8672609813282fc24971a3,w30,2fab0e3e566477294710c7f5296eae3f19fffdaf771928347daa371758bb2a62,data/instances/selected/instance_w30.xlsx,77.33145640625048,1249.191948324941,e9e221a5db62c86aed76061099db5eaeb9b8c63708fbd05e33328b1811a38df4,protocol_declared_hash; strict protocol validator currently reports frozen-float drift,ideal_baseline_range_v1,84,6,252,4d7a0be28bd0ac7a7bb436e71c23f37b0bf0a548d952158584a342a1fbb4f8a5,False,0,252,,0.06637210003100336,242,cold_process_wall_minus_solver_algorithm_time; includes imports and serialization,2.569405000191182,5fb8fec80189731e702186e13567ea8cb1d16c707b06446f9ab1e705c76291dc,2.6.0,0.26203951542033604,success,0,"[13, 8, 8, 6]",1438285,experiments/abma_outer5_v1/raw/w30/ABMA20/seed_80,w30__ABMA20__seed_80,0f950019e8c081f4cf0d745eabed2b5c6d0ea477e588356f1e592cb7253f3de2,dynamic_split_parent_aware_v1,0.2220375742061093,80,7f6f09a030543f6e4e14d2bd837791c90896da3bb1e395f409c33d6eaef20df9,58.52287370013073,5,success,generation_limit,35,53.945368899963796,74.5570994502873,58.589245800161734,0,252,11.698016000213102,13.648323695145148,10.983207267160704
,HGA-budget72,0.21060139988549054,,,,False,232,341.8780693725126,72,,1.0,HGA final_diversity_rank; ABMA source does not expose an equivalent,3.7177935815907244,False,0,0,11,3.7177935815907244,,w30,2fab0e3e566477294710c7f5296eae3f19fffdaf771928347daa371758bb2a62,data/instances/selected/instance_w30.xlsx,1008.1767668988668,1636.3616602950501,e9e221a5db62c86aed76061099db5eaeb9b8c63708fbd05e33328b1811a38df4,protocol_declared_hash; strict protocol validator currently reports frozen-float drift,ideal_baseline_range_v1,,0,72,,False,0,0,,0.053274499950930476,1,cold_process_wall_minus_solver_algorithm_time; includes imports and serialization,3.3111736001446843,5fb8fec80189731e702186e13567ea8cb1d16c707b06446f9ab1e705c76291dc,2.6.0,,success,0,"[11, 10, 4, 8]",451,experiments/abma_outer5_v1/raw/w30/HGA-budget72/seed_80,w30__HGA-budget72__seed_80,0f950019e8c081f4cf0d745eabed2b5c6d0ea477e588356f1e592cb7253f3de2,dynamic_split_parent_aware_v1,0.002925019442854035,80,db2557a2c96606f0b7f933808f9efb6b26468240073405697aa54304be26f2e7,3.521775000030175,3,success,objective_budget,33,0.10715089994482696,59.88520681620034,3.5750494999811053,0,121,,10.0,10.0
,HGA-budget252,0.4334203000180423,,,,False,301,581.421774636559,252,,1.0,HGA final_diversity_rank; ABMA source does not expose an equivalent,3.7177935815907244,False,0,0,12,3.7177935815907244,,w30,2fab0e3e566477294710c7f5296eae3f19fffdaf771928347daa371758bb2a62,data/instances/selected/instance_w30.xlsx,1008.1767668988668,1636.3616602950501,e9e221a5db62c86aed76061099db5eaeb9b8c63708fbd05e33328b1811a38df4,protocol_declared_hash; strict protocol validator currently reports frozen-float drift,ideal_baseline_range_v1,,0,252,,False,0,0,,0.04565300000831485,1,cold_process_wall_minus_solver_algorithm_time; includes imports and serialization,3.6977041999343783,5fb8fec80189731e702186e13567ea8cb1d16c707b06446f9ab1e705c76291dc,2.6.0,,success,0,"[11, 10, 4, 8]",1171,experiments/abma_outer5_v1/raw/w30/HGA-budget252/seed_80,w30__HGA-budget252__seed_80,0f950019e8c081f4cf0d745eabed2b5c6d0ea477e588356f1e592cb7253f3de2,dynamic_split_parent_aware_v1,0.0017199218254684218,80,db2557a2c96606f0b7f933808f9efb6b26468240073405697aa54304be26f2e7,4.131124499952421,3,success,objective_budget,33,0.11761970003135502,59.88520681620034,4.176777499960735,0,121,,10.0,10.0
da8bc0ed3eaa75086179fcbc8dcede42a23bb112bb906e80ef8fc9e5549fa691,ABMA1,78.17460910021327,69.04320559976622,1.0667882872524257,8997ee054f0882c010262b610f25a037124e939e1ec546cac77c884219c15080,False,945791,0.9210151586137394,72,,,not_exposed_by_authoritative_solver,1.0667882872524257,False,0,5,13,1.0667882872524257,40481e4398561b638d63cdb0cbc37a24fb2bffee573a04431383081aeafb4c1b,w45,3b50059c27eb07cf6d40c8c36c0507257890c74fc956278aeedb8318f04e3c38,data/instances/selected/instance_w45.xlsx,593.6340660758933,1991.868223994422,aaa71d5ade10b8e0312112f8c3bf00aa189c8283c0c92760a58443974d8ff017,protocol_declared_hash; strict protocol validator currently reports frozen-float drift,ideal_baseline_range_v1,26,0,72,7758af4fff9a17203dfde1196a9978fc3e60f56f58b5a90d6efd48c0529dad84,False,0,72,,0.07264769985340536,2,cold_process_wall_minus_solver_algorithm_time; includes imports and serialization,2.3668251999188215,5fb8fec80189731e702186e13567ea8cb1d16c707b06446f9ab1e705c76291dc,2.6.0,,success,0,"[15, 11, 13, 11]",1247940,experiments/abma_outer5_v1/raw/w45/ABMA1/seed_78,w45__ABMA1__seed_78,0f950019e8c081f4cf0d745eabed2b5c6d0ea477e588356f1e592cb7253f3de2,dynamic_split_parent_aware_v1,1.0857584597251844,78,7f6f09a030543f6e4e14d2bd837791c90896da3bb1e395f409c33d6eaef20df9,80.5414343001321,5,success,generation_limit,50,0.3679892001673579,86.37728411102862,80.6140819999855,0,72,6.482529900735244,11.254076975942,10.874575924423
a39ce8d804f526b668082b5a0eb1b52a91a3c09f3163dcfc0193011f0618f78c,ABMA20,204.03127600019798,172.73961010179482,1.0667882872524257,e6e388af38dca743e836db26a24d8694614f1830384fa35e922d7552afd15be5,False,2403266,1.2351047591338666,252,0.9900513933141646,,not_exposed_by_authoritative_solver,0.9900513933141646,False,16,20,14,1.0667882872524257,e21995c6ae8f4dd2ff8b912faa988c111e64afa7f564232cd86140b9b20082dc,w45,3b50059c27eb07cf6d40c8c36c0507257890c74fc956278aeedb8318f04e3c38,data/instances/selected/instance_w45.xlsx,438.7211873684314,1984.286893130935,aaa71d5ade10b8e0312112f8c3bf00aa189c8283c0c92760a58443974d8ff017,protocol_declared_hash; strict protocol validator currently reports frozen-float drift,ideal_baseline_range_v1,93,5,252,e3a3548895ed06831e1c89cf1d6030e6997c6e1eb2ed7ef1e592922b40500705,False,0,252,,0.0903205000795424,201,cold_process_wall_minus_solver_algorithm_time; includes imports and serialization,2.3724759998731315,5fb8fec80189731e702186e13567ea8cb1d16c707b06446f9ab1e705c76291dc,2.6.0,0.07750799045026023,success,0,"[17, 10, 13, 12]",3473712,experiments/abma_outer5_v1/raw/w45/ABMA20/seed_78,w45__ABMA20__seed_78,0f950019e8c081f4cf0d745eabed2b5c6d0ea477e588356f1e592cb7253f3de2,dynamic_split_parent_aware_v1,0.8096479206357062,78,7f6f09a030543f6e4e14d2bd837791c90896da3bb1e395f409c33d6eaef20df9,206.4037520000711,7,success,generation_limit,52,181.10312450001948,89.83413225688663,206.49407250015065,0,252,23.61555209965445,11.189387308561047,11.283300027364623
,HGA-budget72,0.5816101999953389,,,,False,421,123.79425257771788,72,,1.0,HGA final_diversity_rank; ABMA source does not expose an equivalent,1.3131507773205529,False,0,0,15,1.3131507773205529,,w45,3b50059c27eb07cf6d40c8c36c0507257890c74fc956278aeedb8318f04e3c38,data/instances/selected/instance_w45.xlsx,865.0299821723004,2052.035224479451,aaa71d5ade10b8e0312112f8c3bf00aa189c8283c0c92760a58443974d8ff017,protocol_declared_hash; strict protocol validator currently reports frozen-float drift,ideal_baseline_range_v1,,0,72,,False,0,0,,0.052357499953359365,1,cold_process_wall_minus_solver_algorithm_time; includes imports and serialization,2.7185189998708665,5fb8fec80189731e702186e13567ea8cb1d16c707b06446f9ab1e705c76291dc,2.6.0,,success,0,"[13, 14, 12, 13]",649,experiments/abma_outer5_v1/raw/w45/HGA-budget72/seed_78,w45__HGA-budget72__seed_78,0f950019e8c081f4cf0d745eabed2b5c6d0ea477e588356f1e592cb7253f3de2,dynamic_split_parent_aware_v1,0.008077919444379708,78,db2557a2c96606f0b7f933808f9efb6b26468240073405697aa54304be26f2e7,3.3001291998662055,7,success,objective_budget,52,0.2079375998582691,96.07872131775146,3.352486699819565,0,121,,10.0,10.0
,HGA-budget252,1.0653115001041442,,,,False,587,236.55053003310735,252,,1.0,HGA final_diversity_rank; ABMA source does not expose an equivalent,1.3131507773205529,False,0,0,16,1.3131507773205529,,w45,3b50059c27eb07cf6d40c8c36c0507257890c74fc956278aeedb8318f04e3c38,data/instances/selected/instance_w45.xlsx,865.0299821723004,2052.035224479451,aaa71d5ade10b8e0312112f8c3bf00aa189c8283c0c92760a58443974d8ff017,protocol_declared_hash; strict protocol validator currently reports frozen-float drift,ideal_baseline_range_v1,,0,252,,False,0,0,,0.04916169983334839,1,cold_process_wall_minus_solver_algorithm_time; includes imports and serialization,2.533682599896565,5fb8fec80189731e702186e13567ea8cb1d16c707b06446f9ab1e705c76291dc,2.6.0,,success,0,"[13, 14, 12, 13]",1369,experiments/abma_outer5_v1/raw/w45/HGA-budget252/seed_78,w45__HGA-budget252__seed_78,0f950019e8c081f4cf0d745eabed2b5c6d0ea477e588356f1e592cb7253f3de2,dynamic_split_parent_aware_v1,0.004227426587714858,78,db2557a2c96606f0b7f933808f9efb6b26468240073405697aa54304be26f2e7,3.5989941000007093,7,success,objective_budget,52,0.25897060008719563,96.07872131775146,3.6481557998340577,0,121,,10.0,10.0
42985df5ced059e71cb4ac389a90192574f38c6a5b0107ebe2dc2f525d9ad1eb,ABMA20,158.80415760003962,130.32258740230463,1.0338457677475463,1877db51050ec0ec0eb360aed9cff6e66d7e499a68a626582495d34dea84c144,False,2081190,1.5868602170648531,252,0.9712202483204979,,not_exposed_by_authoritative_solver,0.9712202483204979,False,20,20,17,1.0674790617179437,601c95a381f7254061b6ec052352a5120332ba5e82f621ddc82ce1ba1e2ce5d0,w45,3b50059c27eb07cf6d40c8c36c0507257890c74fc956278aeedb8318f04e3c38,data/instances/selected/instance_w45.xlsx,414.67289830070376,1976.262255903156,aaa71d5ade10b8e0312112f8c3bf00aa189c8283c0c92760a58443974d8ff017,protocol_declared_hash; strict protocol validator currently reports frozen-float drift,ideal_baseline_range_v1,84,8,252,7393aebca2d4e8723b98d540784ba7667664920c5dac726704117f3124690cc0,False,0,252,,0.06364959990605712,245,cold_process_wall_minus_solver_algorithm_time; includes imports and serialization,3.015496199950576,5fb8fec80189731e702186e13567ea8cb1d16c707b06446f9ab1e705c76291dc,2.6.0,0.0644812744949921,success,0,"[17, 10, 13, 12]",3179054,experiments/abma_outer5_v1/raw/w45/ABMA20/seed_79,w45__ABMA20__seed_79,0f950019e8c081f4cf0d745eabed2b5c6d0ea477e588356f1e592cb7253f3de2,dynamic_split_parent_aware_v1,0.6301752285715858,79,7f6f09a030543f6e4e14d2bd837791c90896da3bb1e395f409c33d6eaef20df9,161.8196537999902,7,success,generation_limit,52,155.77694289991632,96.19584089418744,161.88330339989625,0,252,22.00229130103253,11.10570651795828,11.220772558675531
abf54b2d2c720e6d3733c0d07c7ae71b5e9490cf7ca7d39f90ab077dc7765b90,ABMA1,78.06939049996436,68.14449750003405,1.0338457677475463,d1e203ed2bab0a5b1aa064967793967d399bdf1b8e2e07caf4fa5a4af1bd9333,False,914172,0.9222564636268407,72,,,not_exposed_by_authoritative_solver,1.0338457677475463,False,1,5,18,1.0674790617179437,11b207d79f149fce2e3e02a1d36ff578664cd7e3be0980d38484273ec35aec82,w45,3b50059c27eb07cf6d40c8c36c0507257890c74fc956278aeedb8318f04e3c38,data/instances/selected/instance_w45.xlsx,498.99753113122915,1991.868223994422,aaa71d5ade10b8e0312112f8c3bf00aa189c8283c0c92760a58443974d8ff017,protocol_declared_hash; strict protocol validator currently reports frozen-float drift,ideal_baseline_range_v1,21,1,72,528695d2a15764c25a584b7906e5fb93a350dba93712c833c9a8afe5ee21edc3,False,0,72,,0.08831879985518754,13,cold_process_wall_minus_solver_algorithm_time; includes imports and serialization,2.861435699975118,5fb8fec80189731e702186e13567ea8cb1d16c707b06446f9ab1e705c76291dc,2.6.0,,success,0,"[17, 10, 13, 11]",1231731,experiments/abma_outer5_v1/raw/w45/ABMA1/seed_79,w45__ABMA1__seed_79,0f950019e8c081f4cf0d745eabed2b5c6d0ea477e588356f1e592cb7253f3de2,dynamic_split_parent_aware_v1,1.0842970902772828,79,7f6f09a030543f6e4e14d2bd837791c90896da3bb1e395f409c33d6eaef20df9,80.93082619993947,6,success,generation_limit,51,17.192343400092795,92.52789397215649,81.01914499979466,0,72,6.8046871004626155,11.641555686277787,11.564618784296872
,HGA-budget252,1.0867852999363095,,,,False,587,231.87652613148921,252,,1.0,HGA final_diversity_rank; ABMA source does not expose an equivalent,1.295380712764493,False,0,0,19,1.295380712764493,,w45,3b50059c27eb07cf6d40c8c36c0507257890c74fc956278aeedb8318f04e3c38,data/instances/selected/instance_w45.xlsx,863.6972631948972,2045.9095517463795,aaa71d5ade10b8e0312112f8c3bf00aa189c8283c0c92760a58443974d8ff017,protocol_declared_hash; strict protocol validator currently reports frozen-float drift,ideal_baseline_range_v1,,0,252,,False,0,0,,0.06297419988550246,1,cold_process_wall_minus_solver_algorithm_time; includes imports and serialization,2.95783229987137,5fb8fec80189731e702186e13567ea8cb1d16c707b06446f9ab1e705c76291dc,2.6.0,,success,0,"[13, 14, 12, 13]",1369,experiments/abma_outer5_v1/raw/w45/HGA-budget252/seed_79,w45__HGA-budget252__seed_79,0f950019e8c081f4cf0d745eabed2b5c6d0ea477e588356f1e592cb7253f3de2,dynamic_split_parent_aware_v1,0.0043126400791123395,79,db2557a2c96606f0b7f933808f9efb6b26468240073405697aa54304be26f2e7,4.04461759980768,7,success,objective_budget,52,0.2159376998897642,91.79419083381089,4.107591799693182,0,121,,10.0,10.0
,HGA-budget72,0.6148105000611395,,,,False,421,117.10925560451554,72,,1.0,HGA final_diversity_rank; ABMA source does not expose an equivalent,1.295380712764493,False,0,0,20,1.295380712764493,,w45,3b50059c27eb07cf6d40c8c36c0507257890c74fc956278aeedb8318f04e3c38,data/instances/selected/instance_w45.xlsx,863.6972631948972,2045.9095517463795,aaa71d5ade10b8e0312112f8c3bf00aa189c8283c0c92760a58443974d8ff017,protocol_declared_hash; strict protocol validator currently reports frozen-float drift,ideal_baseline_range_v1,,0,72,,False,0,0,,0.05815510009415448,1,cold_process_wall_minus_solver_algorithm_time; includes imports and serialization,2.741448399843648,5fb8fec80189731e702186e13567ea8cb1d16c707b06446f9ab1e705c76291dc,2.6.0,,success,0,"[13, 14, 12, 13]",649,experiments/abma_outer5_v1/raw/w45/HGA-budget72/seed_79,w45__HGA-budget72__seed_79,0f950019e8c081f4cf0d745eabed2b5c6d0ea477e588356f1e592cb7253f3de2,dynamic_split_parent_aware_v1,0.008539034723071381,79,db2557a2c96606f0b7f933808f9efb6b26468240073405697aa54304be26f2e7,3.3562588999047875,7,success,objective_budget,52,0.24152370006777346,91.79419083381089,3.414413999998942,0,121,,10.0,10.0
b9a894c3f77c7f30238b0c79363f67aa86ede4b782824de76f9f6d2be737b3a0,ABMA1,87.4655910001602,77.75078639900312,1.0219521035917327,aa9163c0ea4b2125010e4836edd43ffd1dce70ef393ade54fe90534201ab4a2c,False,1016419,0.8231808551990247,72,,,not_exposed_by_authoritative_solver,1.0219521035917327,False,2,5,21,1.0647108606087805,38bded06ba5801cc4280a00276fc39ac020737f0667576608c60c63bc29c4312,w45,3b50059c27eb07cf6d40c8c36c0507257890c74fc956278aeedb8318f04e3c38,data/instances/selected/instance_w45.xlsx,473.65831927465297,1988.5670931036875,aaa71d5ade10b8e0312112f8c3bf00aa189c8283c0c92760a58443974d8ff017,protocol_declared_hash; strict protocol validator currently reports frozen-float drift,ideal_baseline_range_v1,28,1,72,0af74f9a85aaa86e7aa71476cebc1e3ee3f29c6d6820325dd36fbd2889926be8,False,0,72,,0.08689039992168546,31,cold_process_wall_minus_solver_algorithm_time; includes imports and serialization,2.715342699782923,5fb8fec80189731e702186e13567ea8cb1d16c707b06446f9ab1e705c76291dc,2.6.0,,success,0,"[17, 11, 13, 12]",1324004,experiments/abma_outer5_v1/raw/w45/ABMA1/seed_80,w45__ABMA1__seed_80,0f950019e8c081f4cf0d745eabed2b5c6d0ea477e588356f1e592cb7253f3de2,dynamic_split_parent_aware_v1,1.214799875002225,80,7f6f09a030543f6e4e14d2bd837791c90896da3bb1e395f409c33d6eaef20df9,90.18093369994313,8,success,generation_limit,53,42.7963470001705,97.20881315331114,90.26782409986481,0,72,6.837876500329003,11.227256698081344,11.087740179506051
e215f182c4a78c2879c1e51223876cd085abcca1c030fa0907da278d5dc04526,ABMA20,170.9483687998727,141.49861469957978,1.0219521035917327,5691a5f5840e46c01d4c718a45c61fcebcb813bbfe99e44ed0dfd50cd8eeecc9,False,2186163,1.474129304474461,252,0.9672441656402135,,not_exposed_by_authoritative_solver,0.9672441656402135,False,19,20,22,1.0647108606087805,8e6406262ee7a3f084435ed3bcc26d0da4516afec14ae93c327882014df79b0b,w45,3b50059c27eb07cf6d40c8c36c0507257890c74fc956278aeedb8318f04e3c38,data/instances/selected/instance_w45.xlsx,416.2194169944005,1974.759046957762,aaa71d5ade10b8e0312112f8c3bf00aa189c8283c0c92760a58443974d8ff017,protocol_declared_hash; strict protocol validator currently reports frozen-float drift,ideal_baseline_range_v1,109,6,252,049b9221f3cab3e77ba25dc45431d37f993b23ca069df851c91b6212e7c00962,False,0,252,,0.15035610017366707,230,cold_process_wall_minus_solver_algorithm_time; includes imports and serialization,2.4589076002594084,5fb8fec80189731e702186e13567ea8cb1d16c707b06446f9ab1e705c76291dc,2.6.0,0.05656062853096488,success,0,"[17, 10, 13, 12]",3265429,experiments/abma_outer5_v1/raw/w45/ABMA20/seed_80,w45__ABMA20__seed_80,0f950019e8c081f4cf0d745eabed2b5c6d0ea477e588356f1e592cb7253f3de2,dynamic_split_parent_aware_v1,0.6783665428566377,80,7f6f09a030543f6e4e14d2bd837791c90896da3bb1e395f409c33d6eaef20df9,173.4072764001321,7,success,generation_limit,52,162.69970340002328,94.79204182583378,173.55763250030577,0,252,23.286090197972953,11.113218327172126,11.25372056805838
,HGA-budget72,0.3085178001783788,,,,False,420,233.37389271663108,72,,1.0,HGA final_diversity_rank; ABMA source does not expose an equivalent,1.3141029254432202,False,0,0,23,1.3141029254432202,,w45,3b50059c27eb07cf6d40c8c36c0507257890c74fc956278aeedb8318f04e3c38,data/instances/selected/instance_w45.xlsx,855.5347265786365,2054.291681539805,aaa71d5ade10b8e0312112f8c3bf00aa189c8283c0c92760a58443974d8ff017,protocol_declared_hash; strict protocol validator currently reports frozen-float drift,ideal_baseline_range_v1,,0,72,,False,0,0,,0.02809399995021522,1,cold_process_wall_minus_solver_algorithm_time; includes imports and serialization,2.8234760998748243,5fb8fec80189731e702186e13567ea8cb1d16c707b06446f9ab1e705c76291dc,2.6.0,,success,0,"[13, 14, 12, 13]",649,experiments/abma_outer5_v1/raw/w45/HGA-budget72/seed_80,w45__HGA-budget72__seed_80,0f950019e8c081f4cf0d745eabed2b5c6d0ea477e588356f1e592cb7253f3de2,dynamic_split_parent_aware_v1,0.004284969446921928,80,db2557a2c96606f0b7f933808f9efb6b26468240073405697aa54304be26f2e7,3.131993900053203,7,success,objective_budget,52,0.12341310014016926,96.48086666050142,3.1600879000034183,0,121,,10.0,10.0
,HGA-budget252,0.49117349996231496,,,,False,586,513.0569951744843,252,,1.0,HGA final_diversity_rank; ABMA source does not expose an equivalent,1.3141029254432202,False,0,0,24,1.3141029254432202,,w45,3b50059c27eb07cf6d40c8c36c0507257890c74fc956278aeedb8318f04e3c38,data/instances/selected/instance_w45.xlsx,855.5347265786365,2054.291681539805,aaa71d5ade10b8e0312112f8c3bf00aa189c8283c0c92760a58443974d8ff017,protocol_declared_hash; strict protocol validator currently reports frozen-float drift,ideal_baseline_range_v1,,0,252,,False,0,0,,0.03344219992868602,1,cold_process_wall_minus_solver_algorithm_time; includes imports and serialization,1.7478624002542347,5fb8fec80189731e702186e13567ea8cb1d16c707b06446f9ab1e705c76291dc,2.6.0,,success,0,"[13, 14, 12, 13]",1369,experiments/abma_outer5_v1/raw/w45/HGA-budget252/seed_80,w45__HGA-budget252__seed_80,0f950019e8c081f4cf0d745eabed2b5c6d0ea477e588356f1e592cb7253f3de2,dynamic_split_parent_aware_v1,0.0019491011903266468,80,db2557a2c96606f0b7f933808f9efb6b26468240073405697aa54304be26f2e7,2.2390359002165496,7,success,objective_budget,52,0.1116610998287797,96.48086666050142,2.2724781001452357,0,121,,10.0,10.0
003d590f3d6cce2ad9cf62c7e7b106fb3f00c52ab1caa372442bbe7da1607e4c,ABMA1,217.03419190016575,204.48543439945206,1.196765716606657,b1a3b080f036624f8f4c613c90673908f77c09bf42ec9de82e9390df521f58ae,False,2331347,0.33174496317667546,72,,,not_exposed_by_authoritative_solver,1.196765716606657,False,5,5,25,1.2791913787946039,b2a38584dfbd89a2506a7ed9cfe24cc1e91df4c3a512ef5b2f04b7cdeb5d1cc9,w60,e7b7409b555e581a0ceea770b7e2c511bacdced8f3172021729319bd352f76d2,data/instances/selected/instance_w60.xlsx,2058.581999093539,3419.8016706575004,2c969355974b9b9ca210a0a87655fdd5a442787654bfbbde0be740237b302940,protocol_declared_hash; strict protocol validator currently reports frozen-float drift,ideal_baseline_range_v1,33,2,72,dd6c9e9dfba913457108e8ad0a459fe99a27e3be7eb46c3f4e5666e7a262398b,False,0,72,,0.11154689989052713,70,cold_process_wall_minus_solver_algorithm_time; includes imports and serialization,1.9230791998561472,5fb8fec80189731e702186e13567ea8cb1d16c707b06446f9ab1e705c76291dc,2.6.0,,success,0,"[13, 15, 19, 20]",2667497,experiments/abma_outer5_v1/raw/w60/ABMA1/seed_78,w60__ABMA1__seed_78,0f950019e8c081f4cf0d745eabed2b5c6d0ea477e588356f1e592cb7253f3de2,dynamic_split_parent_aware_v1,3.014363776391191,78,7f6f09a030543f6e4e14d2bd837791c90896da3bb1e395f409c33d6eaef20df9,218.9572711000219,7,success,generation_limit,67,214.7027276000008,95.95503129777346,219.06881799991243,0,72,7.448487101122737,9.720038245510871,9.367558954281535
aa7dab0bfefb0e43e56fa45fedd2fa00532c3b3c2097eb5ee63273d6d6d94afb,ABMA20,518.0801035000477,474.43314319779165,1.196765716606657,b9cdf4f1f17f076e40e846fb662a3b50f3a365eedd3d29b927577b1cfd01c509,False,5566140,0.48641126786675914,252,0.9913705187461362,,not_exposed_by_authoritative_solver,0.9913705187461362,False,20,20,26,1.2791913787946039,047d85b520ca3ae4c73fc9233a0c989dfe3df316d3b0da5fe8b333250fd13e17,w60,e7b7409b555e581a0ceea770b7e2c511bacdced8f3172021729319bd352f76d2,data/instances/selected/instance_w60.xlsx,1494.0027821956824,3240.1277334350407,2c969355974b9b9ca210a0a87655fdd5a442787654bfbbde0be740237b302940,protocol_declared_hash; strict protocol validator currently reports frozen-float drift,ideal_baseline_range_v1,96,11,252,a4035f6f7653cb7ef1d8f60b7e3f6bb8b646abd6125dd5407566fdddf4f43040,False,0,252,,0.09901030012406409,249,cold_process_wall_minus_solver_algorithm_time; includes imports and serialization,3.349808300146833,5fb8fec80189731e702186e13567ea8cb1d16c707b06446f9ab1e705c76291dc,2.6.0,0.20718308036868002,success,0,"[20, 12, 19, 22]",6757511,experiments/abma_outer5_v1/raw/w60/ABMA20/seed_78,w60__ABMA20__seed_78,0f950019e8c081f4cf0d745eabed2b5c6d0ea477e588356f1e592cb7253f3de2,dynamic_split_parent_aware_v1,2.0558734265874907,78,7f6f09a030543f6e4e14d2bd837791c90896da3bb1e395f409c33d6eaef20df9,521.4299118001945,13,success,generation_limit,73,514.1476847000886,103.90452279473989,521.5289221003186,0,252,28.549901601392776,9.538754165222338,11.123581763764287
,HGA-budget72,0.6748007000423968,,,,False,701,106.69817028268693,72,,1.0,HGA final_diversity_rank; ABMA source does not expose an equivalent,1.289172623661267,False,0,0,27,1.289172623661267,,w60,e7b7409b555e581a0ceea770b7e2c511bacdced8f3172021729319bd352f76d2,data/instances/selected/instance_w60.xlsx,2071.667766011622,3523.4533229869257,2c969355974b9b9ca210a0a87655fdd5a442787654bfbbde0be740237b302940,protocol_declared_hash; strict protocol validator currently reports frozen-float drift,ideal_baseline_range_v1,,0,72,,False,0,0,,0.05027060001157224,1,cold_process_wall_minus_solver_algorithm_time; includes imports and serialization,2.922112099826336,5fb8fec80189731e702186e13567ea8cb1d16c707b06446f9ab1e705c76291dc,2.6.0,,success,0,"[16, 15, 19, 19]",920,experiments/abma_outer5_v1/raw/w60/HGA-budget72/seed_78,w60__HGA-budget72__seed_78,0f950019e8c081f4cf0d745eabed2b5c6d0ea477e588356f1e592cb7253f3de2,dynamic_split_parent_aware_v1,0.00937223194503329,78,db2557a2c96606f0b7f933808f9efb6b26468240073405697aa54304be26f2e7,3.5969127998687327,9,success,objective_budget,69,0.4357638999354094,106.6477029012463,3.647183399880305,0,121,,10.0,10.0
,HGA-budget252,0.9555806000716984,,,,False,880,263.71401845233373,252,,1.0,HGA final_diversity_rank; ABMA source does not expose an equivalent,1.289172623661267,False,0,0,28,1.289172623661267,,w60,e7b7409b555e581a0ceea770b7e2c511bacdced8f3172021729319bd352f76d2,data/instances/selected/instance_w60.xlsx,2071.667766011622,3523.4533229869257,2c969355974b9b9ca210a0a87655fdd5a442787654bfbbde0be740237b302940,protocol_declared_hash; strict protocol validator currently reports frozen-float drift,ideal_baseline_range_v1,,0,252,,False,0,0,,0.045963400043547153,1,cold_process_wall_minus_solver_algorithm_time; includes imports and serialization,3.3322632000781596,5fb8fec80189731e702186e13567ea8cb1d16c707b06446f9ab1e705c76291dc,2.6.0,,success,0,"[16, 15, 19, 19]",1640,experiments/abma_outer5_v1/raw/w60/HGA-budget252/seed_78,w60__HGA-budget252__seed_78,0f950019e8c081f4cf0d745eabed2b5c6d0ea477e588356f1e592cb7253f3de2,dynamic_split_parent_aware_v1,0.0037919865082210254,78,db2557a2c96606f0b7f933808f9efb6b26468240073405697aa54304be26f2e7,4.287843800149858,9,success,objective_budget,69,0.4450044999830425,106.6477029012463,4.333807200193405,0,121,,10.0,10.0
9c697a14d0a836e795906fe84002b8e71845020700f49b920b70f8a34419467a,ABMA20,595.0461911999155,549.4135923017748,1.186127105897115,2316d2a9a7577a6a82475430f52211994428d02caab35c631f101a84288f4204,False,6391681,0.4234965347678975,252,1.0463537168050627,,not_exposed_by_authoritative_solver,1.0463537168050627,False,16,20,29,1.186127105897115,b1794e42d9723960bd0c3039a5e405647bada41ef17776df4f594f8c708dde8c,w60,e7b7409b555e581a0ceea770b7e2c511bacdced8f3172021729319bd352f76d2,data/instances/selected/instance_w60.xlsx,1642.325291847206,3288.3849725479845,2c969355974b9b9ca210a0a87655fdd5a442787654bfbbde0be740237b302940,protocol_declared_hash; strict protocol validator currently reports frozen-float drift,ideal_baseline_range_v1,65,5,252,fd783ced06630b2b81a3315d33a742e2f79f3a0007e87930d1082718b8dc781e,False,0,252,,0.09620609995909035,194,cold_process_wall_minus_solver_algorithm_time; includes imports and serialization,2.326993300113827,5fb8fec80189731e702186e13567ea8cb1d16c707b06446f9ab1e705c76291dc,2.6.0,0.13358139494055266,success,0,"[18, 12, 19, 22]",7674119,experiments/abma_outer5_v1/raw/w60/ABMA20/seed_79,w60__ABMA20__seed_79,0f950019e8c081f4cf0d745eabed2b5c6d0ea477e588356f1e592cb7253f3de2,dynamic_split_parent_aware_v1,2.3612944095234742,79,7f6f09a030543f6e4e14d2bd837791c90896da3bb1e395f409c33d6eaef20df9,597.3731845000293,11,success,generation_limit,71,500.60488329990767,102.02811734239805,597.4693905999884,0,252,27.7001267997548,9.493491241499838,10.874575924423
48f7a61e8a4d3d8e13cfc341804483191b56485fb7004eeb9243fd3fac7e26ad,ABMA1,242.28837760002352,227.41095109982416,1.186127105897115,83c9755974f0b5caf0190a48b5094cb68d509174aaf338233383911e0d2db6e3,False,2357777,0.29716654473150017,72,,,not_exposed_by_authoritative_solver,1.186127105897115,False,0,5,30,1.186127105897115,147d263918095ee485fbed8a6fa01a73f02d9245e0254578a459f144bb9f0429,w60,e7b7409b555e581a0ceea770b7e2c511bacdced8f3172021729319bd352f76d2,data/instances/selected/instance_w60.xlsx,2400.467237173473,3349.4643761104144,2c969355974b9b9ca210a0a87655fdd5a442787654bfbbde0be740237b302940,protocol_declared_hash; strict protocol validator currently reports frozen-float drift,ideal_baseline_range_v1,23,0,72,240eb6586ea3587775e895411b9c16c36c7cbaf6010b22b9e3e7a94b4b5971be,False,0,72,,0.06484300014562905,6,cold_process_wall_minus_solver_algorithm_time; includes imports and serialization,3.9855492000933737,5fb8fec80189731e702186e13567ea8cb1d16c707b06446f9ab1e705c76291dc,2.6.0,,success,0,"[9, 19, 19, 22]",2760939,experiments/abma_outer5_v1/raw/w60/ABMA1/seed_79,w60__ABMA1__seed_79,0f950019e8c081f4cf0d745eabed2b5c6d0ea477e588356f1e592cb7253f3de2,dynamic_split_parent_aware_v1,3.365116355555882,79,7f6f09a030543f6e4e14d2bd837791c90896da3bb1e395f409c33d6eaef20df9,246.2739268001169,9,success,generation_limit,69,22.73068829998374,94.98719490700725,246.33876980026253,0,72,8.195390598848462,9.635377617060707,6.491786416228386
,HGA-budget252,0.9313892999198288,,,,False,790,270.56355491918515,252,,1.0,HGA final_diversity_rank; ABMA source does not expose an equivalent,1.289647146362869,False,0,0,31,1.289647146362869,,w60,e7b7409b555e581a0ceea770b7e2c511bacdced8f3172021729319bd352f76d2,data/instances/selected/instance_w60.xlsx,2068.8011616409303,3522.4407926196427,2c969355974b9b9ca210a0a87655fdd5a442787654bfbbde0be740237b302940,protocol_declared_hash; strict protocol validator currently reports frozen-float drift,ideal_baseline_range_v1,,0,252,,False,0,0,,0.04779069987125695,1,cold_process_wall_minus_solver_algorithm_time; includes imports and serialization,2.7331880000419915,5fb8fec80189731e702186e13567ea8cb1d16c707b06446f9ab1e705c76291dc,2.6.0,,success,0,"[16, 15, 19, 19]",1640,experiments/abma_outer5_v1/raw/w60/HGA-budget252/seed_79,w60__HGA-budget252__seed_79,0f950019e8c081f4cf0d745eabed2b5c6d0ea477e588356f1e592cb7253f3de2,dynamic_split_parent_aware_v1,0.0036959892853961457,79,db2557a2c96606f0b7f933808f9efb6b26468240073405697aa54304be26f2e7,3.6645772999618202,9,success,objective_budget,69,0.4236703999340534,108.32716192150659,3.712367999833077,0,121,,10.0,10.0
,HGA-budget72,0.6065376000478864,,,,False,701,118.70657316927355,72,,1.0,HGA final_diversity_rank; ABMA source does not expose an equivalent,1.289647146362869,False,0,0,32,1.289647146362869,,w60,e7b7409b555e581a0ceea770b7e2c511bacdced8f3172021729319bd352f76d2,data/instances/selected/instance_w60.xlsx,2068.8011616409303,3522.4407926196427,2c969355974b9b9ca210a0a87655fdd5a442787654bfbbde0be740237b302940,protocol_declared_hash; strict protocol validator currently reports frozen-float drift,ideal_baseline_range_v1,,0,72,,False,0,0,,0.04877780005335808,1,cold_process_wall_minus_solver_algorithm_time; includes imports and serialization,2.7606500999536365,5fb8fec80189731e702186e13567ea8cb1d16c707b06446f9ab1e705c76291dc,2.6.0,,success,0,"[16, 15, 19, 19]",920,experiments/abma_outer5_v1/raw/w60/HGA-budget72/seed_79,w60__HGA-budget72__seed_79,0f950019e8c081f4cf0d745eabed2b5c6d0ea477e588356f1e592cb7253f3de2,dynamic_split_parent_aware_v1,0.008424133333998421,79,db2557a2c96606f0b7f933808f9efb6b26468240073405697aa54304be26f2e7,3.367187700001523,9,success,objective_budget,69,0.393378600012511,108.32716192150659,3.415965500054881,0,121,,10.0,10.0
b4df02edc0980b1d6ad5a6fd0661a7aeb5155a696c64df8e8f27d379aaf966ca,ABMA1,227.77636149991304,215.01473259879276,1.1736792273466667,03f4231860fb460c635556e7982e119876144101afb5811ef5410bb3ec954573,False,2420442,0.3160995264209078,72,,,not_exposed_by_authoritative_solver,1.1736792273466667,False,1,5,33,1.276113114543958,e844f181bf69fa4da5b77e80d1f28305389985580c0dd22d3f1e48aa89bf3752,w60,e7b7409b555e581a0ceea770b7e2c511bacdced8f3172021729319bd352f76d2,data/instances/selected/instance_w60.xlsx,1957.6135376220564,3401.113668264362,2c969355974b9b9ca210a0a87655fdd5a442787654bfbbde0be740237b302940,protocol_declared_hash; strict protocol validator currently reports frozen-float drift,ideal_baseline_range_v1,26,1,72,a506ff735ed07708494008804b8d5661f73432b702d867069be71e152bafbf47,False,0,72,,0.06827809987589717,13,cold_process_wall_minus_solver_algorithm_time; includes imports and serialization,2.979736600071192,5fb8fec80189731e702186e13567ea8cb1d16c707b06446f9ab1e705c76291dc,2.6.0,,success,0,"[16, 15, 17, 22]",2766422,experiments/abma_outer5_v1/raw/w60/ABMA1/seed_80,w60__ABMA1__seed_80,0f950019e8c081f4cf0d745eabed2b5c6d0ea477e588356f1e592cb7253f3de2,dynamic_split_parent_aware_v1,3.163560576387681,80,7f6f09a030543f6e4e14d2bd837791c90896da3bb1e395f409c33d6eaef20df9,230.75609809998423,10,success,generation_limit,70,45.41139349993318,100.69798257535996,230.82437619986013,0,72,7.133855601074174,9.385620060545216,10.0
540ef14c8c177567d798d03705aa558cc27bb17b4ad716be9c9664336dc13e7b,ABMA20,522.5143967999611,482.19257659767754,1.1736792273466667,aaaec57ffd20a3c21fd97e628eb8700c8c9b9e2a9962701473253701baa3292e,False,6000791,0.4822833620342818,252,0.991099007497268,,not_exposed_by_authoritative_solver,0.991099007497268,False,16,20,34,1.276113114543958,b82934d8de7ed93033c93a78560cc743adc88fcdc43b9ca708cd30c7dee2f584,w60,e7b7409b555e581a0ceea770b7e2c511bacdced8f3172021729319bd352f76d2,data/instances/selected/instance_w60.xlsx,1491.2139398308427,3240.8863342215213,2c969355974b9b9ca210a0a87655fdd5a442787654bfbbde0be740237b302940,protocol_declared_hash; strict protocol validator currently reports frozen-float drift,ideal_baseline_range_v1,91,5,252,a2f07956cba8e87f69f72e23018d76bd2c6d65cb590ca7753b61532f4ab3ef32,False,2,250,,0.10130400001071393,194,cold_process_wall_minus_solver_algorithm_time; includes imports and serialization,2.8127129999920726,5fb8fec80189731e702186e13567ea8cb1d16c707b06446f9ab1e705c76291dc,2.6.0,0.18421996033519594,success,0,"[20, 12, 19, 22]",7169872,experiments/abma_outer5_v1/raw/w60/ABMA20/seed_80,w60__ABMA20__seed_80,0f950019e8c081f4cf0d745eabed2b5c6d0ea477e588356f1e592cb7253f3de2,dynamic_split_parent_aware_v1,2.073469828571274,80,7f6f09a030543f6e4e14d2bd837791c90896da3bb1e395f409c33d6eaef20df9,525.3271097999532,13,success,generation_limit,73,445.90883579989895,103.39710135188453,525.4284137999639,0,250,25.24417769908905,9.530105049491787,11.133056696426113
,HGA-budget72,0.7323044999502599,,,,False,702,98.3197563375487,72,,1.0,HGA final_diversity_rank; ABMA source does not expose an equivalent,1.28871204729149,False,0,0,35,1.28871204729149,,w60,e7b7409b555e581a0ceea770b7e2c511bacdced8f3172021729319bd352f76d2,data/instances/selected/instance_w60.xlsx,2064.397995976846,3520.518813801758,2c969355974b9b9ca210a0a87655fdd5a442787654bfbbde0be740237b302940,protocol_declared_hash; strict protocol validator currently reports frozen-float drift,ideal_baseline_range_v1,,0,72,,False,0,0,,0.25996079994365573,1,cold_process_wall_minus_solver_algorithm_time; includes imports and serialization,3.058703700080514,5fb8fec80189731e702186e13567ea8cb1d16c707b06446f9ab1e705c76291dc,2.6.0,,success,0,"[16, 15, 19, 19]",920,experiments/abma_outer5_v1/raw/w60/HGA-budget72/seed_80,w60__HGA-budget72__seed_80,0f950019e8c081f4cf0d745eabed2b5c6d0ea477e588356f1e592cb7253f3de2,dynamic_split_parent_aware_v1,0.0101708958326425,80,db2557a2c96606f0b7f933808f9efb6b26468240073405697aa54304be26f2e7,3.791008200030774,9,success,objective_budget,69,0.4968254000414163,109.48881749487849,4.05096899997443,0,121,,10.0,10.0
,HGA-budget252,1.0885018000844866,,,,False,881,231.51087116295116,252,,1.0,HGA final_diversity_rank; ABMA source does not expose an equivalent,1.28871204729149,False,0,0,36,1.28871204729149,,w60,e7b7409b555e581a0ceea770b7e2c511bacdced8f3172021729319bd352f76d2,data/instances/selected/instance_w60.xlsx,2064.397995976846,3520.518813801758,2c969355974b9b9ca210a0a87655fdd5a442787654bfbbde0be740237b302940,protocol_declared_hash; strict protocol validator currently reports frozen-float drift,ideal_baseline_range_v1,,0,252,,False,0,0,,0.04837589990347624,1,cold_process_wall_minus_solver_algorithm_time; includes imports and serialization,3.2366752999369055,5fb8fec80189731e702186e13567ea8cb1d16c707b06446f9ab1e705c76291dc,2.6.0,,success,0,"[16, 15, 19, 19]",1640,experiments/abma_outer5_v1/raw/w60/HGA-budget252/seed_80,w60__HGA-budget252__seed_80,0f950019e8c081f4cf0d745eabed2b5c6d0ea477e588356f1e592cb7253f3de2,dynamic_split_parent_aware_v1,0.004319451587636852,80,db2557a2c96606f0b7f933808f9efb6b26468240073405697aa54304be26f2e7,4.325177100021392,9,success,objective_budget,69,0.4778811000287533,109.48881749487849,4.373552999924868,0,121,,10.0,10.0
